[debug] [2025-04-28T00:26:29.198Z] ----------------------------------------------------------------------
[debug] [2025-04-28T00:26:29.200Z] Command:       /Users/carlcarambas/.nvm/versions/node/v20.11.1/bin/node /Users/carlcarambas/.nvm/versions/node/v20.11.1/bin/firebase deploy --only functions --debug
[debug] [2025-04-28T00:26:29.201Z] CLI Version:   14.2.0
[debug] [2025-04-28T00:26:29.201Z] Platform:      darwin
[debug] [2025-04-28T00:26:29.201Z] Node Version:  v20.11.1
[debug] [2025-04-28T00:26:29.202Z] Time:          Mon Apr 28 2025 08:26:29 GMT+0800 (Philippine Standard Time)
[debug] [2025-04-28T00:26:29.202Z] ----------------------------------------------------------------------
[debug] 
[debug] [2025-04-28T00:26:29.337Z] > command requires scopes: ["email","openid","https://www.googleapis.com/auth/cloudplatformprojects.readonly","https://www.googleapis.com/auth/firebase","https://www.googleapis.com/auth/cloud-platform"]
[debug] [2025-04-28T00:26:29.338Z] > authorizing via signed-in user (carlmark.carambas@gmail.com)
[debug] [2025-04-28T00:26:29.338Z] [iam] checking project aero-racehub for permissions ["cloudfunctions.functions.create","cloudfunctions.functions.delete","cloudfunctions.functions.get","cloudfunctions.functions.list","cloudfunctions.functions.update","cloudfunctions.operations.get","firebase.projects.get"]
[debug] [2025-04-28T00:26:29.339Z] Checked if tokens are valid: true, expires at: 1745801445363
[debug] [2025-04-28T00:26:29.340Z] Checked if tokens are valid: true, expires at: 1745801445363
[debug] [2025-04-28T00:26:29.341Z] >>> [apiv2][query] POST https://cloudresourcemanager.googleapis.com/v1/projects/aero-racehub:testIamPermissions [none]
[debug] [2025-04-28T00:26:29.341Z] >>> [apiv2][(partial)header] POST https://cloudresourcemanager.googleapis.com/v1/projects/aero-racehub:testIamPermissions x-goog-quota-user=projects/aero-racehub
[debug] [2025-04-28T00:26:29.341Z] >>> [apiv2][body] POST https://cloudresourcemanager.googleapis.com/v1/projects/aero-racehub:testIamPermissions {"permissions":["cloudfunctions.functions.create","cloudfunctions.functions.delete","cloudfunctions.functions.get","cloudfunctions.functions.list","cloudfunctions.functions.update","cloudfunctions.operations.get","firebase.projects.get"]}
[debug] [2025-04-28T00:26:30.338Z] <<< [apiv2][status] POST https://cloudresourcemanager.googleapis.com/v1/projects/aero-racehub:testIamPermissions 200
[debug] [2025-04-28T00:26:30.338Z] <<< [apiv2][body] POST https://cloudresourcemanager.googleapis.com/v1/projects/aero-racehub:testIamPermissions {"permissions":["cloudfunctions.functions.create","cloudfunctions.functions.delete","cloudfunctions.functions.get","cloudfunctions.functions.list","cloudfunctions.functions.update","cloudfunctions.operations.get","firebase.projects.get"]}
[debug] [2025-04-28T00:26:30.339Z] Checked if tokens are valid: true, expires at: 1745801445363
[debug] [2025-04-28T00:26:30.339Z] Checked if tokens are valid: true, expires at: 1745801445363
[debug] [2025-04-28T00:26:30.339Z] >>> [apiv2][query] POST https://iam.googleapis.com/v1/projects/aero-racehub/serviceAccounts/aero-racehub@appspot.gserviceaccount.com:testIamPermissions [none]
[debug] [2025-04-28T00:26:30.339Z] >>> [apiv2][body] POST https://iam.googleapis.com/v1/projects/aero-racehub/serviceAccounts/aero-racehub@appspot.gserviceaccount.com:testIamPermissions {"permissions":["iam.serviceAccounts.actAs"]}
[debug] [2025-04-28T00:26:31.500Z] <<< [apiv2][status] POST https://iam.googleapis.com/v1/projects/aero-racehub/serviceAccounts/aero-racehub@appspot.gserviceaccount.com:testIamPermissions 200
[debug] [2025-04-28T00:26:31.500Z] <<< [apiv2][body] POST https://iam.googleapis.com/v1/projects/aero-racehub/serviceAccounts/aero-racehub@appspot.gserviceaccount.com:testIamPermissions {"permissions":["iam.serviceAccounts.actAs"]}
[info] 
[info] === Deploying to 'aero-racehub'...
[info] 
[info] i  deploying functions 
[debug] [2025-04-28T00:26:31.502Z] Checked if tokens are valid: true, expires at: 1745801445363
[debug] [2025-04-28T00:26:31.502Z] Checked if tokens are valid: true, expires at: 1745801445363
[debug] [2025-04-28T00:26:31.502Z] >>> [apiv2][query] GET https://cloudresourcemanager.googleapis.com/v1/projects/aero-racehub [none]
[debug] [2025-04-28T00:26:31.716Z] <<< [apiv2][status] GET https://cloudresourcemanager.googleapis.com/v1/projects/aero-racehub 200
[debug] [2025-04-28T00:26:31.717Z] <<< [apiv2][body] GET https://cloudresourcemanager.googleapis.com/v1/projects/aero-racehub {"projectNumber":"559802171394","projectId":"aero-racehub","lifecycleState":"ACTIVE","name":"aero-racehub","labels":{"firebase":"enabled","firebase-core":"disabled"},"createTime":"2025-04-19T07:51:30.153482Z"}
[info] i  functions: preparing codebase default for deployment 
[info] i  functions: ensuring required API cloudfunctions.googleapis.com is enabled... 
[debug] [2025-04-28T00:26:31.718Z] Checked if tokens are valid: true, expires at: 1745801445363
[debug] [2025-04-28T00:26:31.718Z] Checked if tokens are valid: true, expires at: 1745801445363
[debug] [2025-04-28T00:26:31.718Z] Checked if tokens are valid: true, expires at: 1745801445363
[debug] [2025-04-28T00:26:31.718Z] Checked if tokens are valid: true, expires at: 1745801445363
[info] i  functions: ensuring required API cloudbuild.googleapis.com is enabled... 
[debug] [2025-04-28T00:26:31.718Z] Checked if tokens are valid: true, expires at: 1745801445363
[debug] [2025-04-28T00:26:31.718Z] Checked if tokens are valid: true, expires at: 1745801445363
[info] i  artifactregistry: ensuring required API artifactregistry.googleapis.com is enabled... 
[debug] [2025-04-28T00:26:31.719Z] Checked if tokens are valid: true, expires at: 1745801445363
[debug] [2025-04-28T00:26:31.719Z] Checked if tokens are valid: true, expires at: 1745801445363
[debug] [2025-04-28T00:26:31.719Z] >>> [apiv2][query] GET https://serviceusage.googleapis.com/v1/projects/aero-racehub/services/cloudfunctions.googleapis.com [none]
[debug] [2025-04-28T00:26:31.719Z] >>> [apiv2][(partial)header] GET https://serviceusage.googleapis.com/v1/projects/aero-racehub/services/cloudfunctions.googleapis.com x-goog-quota-user=projects/aero-racehub
[debug] [2025-04-28T00:26:31.720Z] >>> [apiv2][query] GET https://serviceusage.googleapis.com/v1/projects/aero-racehub/services/runtimeconfig.googleapis.com [none]
[debug] [2025-04-28T00:26:31.720Z] >>> [apiv2][(partial)header] GET https://serviceusage.googleapis.com/v1/projects/aero-racehub/services/runtimeconfig.googleapis.com x-goog-quota-user=projects/aero-racehub
[debug] [2025-04-28T00:26:31.721Z] >>> [apiv2][query] GET https://serviceusage.googleapis.com/v1/projects/aero-racehub/services/cloudbuild.googleapis.com [none]
[debug] [2025-04-28T00:26:31.721Z] >>> [apiv2][(partial)header] GET https://serviceusage.googleapis.com/v1/projects/aero-racehub/services/cloudbuild.googleapis.com x-goog-quota-user=projects/aero-racehub
[debug] [2025-04-28T00:26:31.722Z] >>> [apiv2][query] GET https://serviceusage.googleapis.com/v1/projects/aero-racehub/services/artifactregistry.googleapis.com [none]
[debug] [2025-04-28T00:26:31.722Z] >>> [apiv2][(partial)header] GET https://serviceusage.googleapis.com/v1/projects/aero-racehub/services/artifactregistry.googleapis.com x-goog-quota-user=projects/aero-racehub
[debug] [2025-04-28T00:26:32.967Z] <<< [apiv2][status] GET https://serviceusage.googleapis.com/v1/projects/aero-racehub/services/cloudfunctions.googleapis.com 200
[debug] [2025-04-28T00:26:32.967Z] <<< [apiv2][body] GET https://serviceusage.googleapis.com/v1/projects/aero-racehub/services/cloudfunctions.googleapis.com [omitted]
[info] ✔  functions: required API cloudfunctions.googleapis.com is enabled 
[debug] [2025-04-28T00:26:33.018Z] <<< [apiv2][status] GET https://serviceusage.googleapis.com/v1/projects/aero-racehub/services/artifactregistry.googleapis.com 200
[debug] [2025-04-28T00:26:33.018Z] <<< [apiv2][body] GET https://serviceusage.googleapis.com/v1/projects/aero-racehub/services/artifactregistry.googleapis.com [omitted]
[info] ✔  artifactregistry: required API artifactregistry.googleapis.com is enabled 
[debug] [2025-04-28T00:26:33.021Z] <<< [apiv2][status] GET https://serviceusage.googleapis.com/v1/projects/aero-racehub/services/cloudbuild.googleapis.com 200
[debug] [2025-04-28T00:26:33.021Z] <<< [apiv2][body] GET https://serviceusage.googleapis.com/v1/projects/aero-racehub/services/cloudbuild.googleapis.com [omitted]
[info] ✔  functions: required API cloudbuild.googleapis.com is enabled 
[debug] [2025-04-28T00:26:33.061Z] <<< [apiv2][status] GET https://serviceusage.googleapis.com/v1/projects/aero-racehub/services/runtimeconfig.googleapis.com 200
[debug] [2025-04-28T00:26:33.061Z] <<< [apiv2][body] GET https://serviceusage.googleapis.com/v1/projects/aero-racehub/services/runtimeconfig.googleapis.com [omitted]
[debug] [2025-04-28T00:26:33.061Z] Checked if tokens are valid: true, expires at: 1745801445363
[debug] [2025-04-28T00:26:33.061Z] Checked if tokens are valid: true, expires at: 1745801445363
[debug] [2025-04-28T00:26:33.061Z] >>> [apiv2][query] GET https://firebase.googleapis.com/v1beta1/projects/aero-racehub/adminSdkConfig [none]
[debug] [2025-04-28T00:26:33.604Z] <<< [apiv2][status] GET https://firebase.googleapis.com/v1beta1/projects/aero-racehub/adminSdkConfig 200
[debug] [2025-04-28T00:26:33.604Z] <<< [apiv2][body] GET https://firebase.googleapis.com/v1beta1/projects/aero-racehub/adminSdkConfig {"projectId":"aero-racehub","storageBucket":"aero-racehub.firebasestorage.app"}
[debug] [2025-04-28T00:26:33.604Z] Checked if tokens are valid: true, expires at: 1745801445363
[debug] [2025-04-28T00:26:33.604Z] Checked if tokens are valid: true, expires at: 1745801445363
[debug] [2025-04-28T00:26:33.605Z] >>> [apiv2][query] GET https://runtimeconfig.googleapis.com/v1beta1/projects/aero-racehub/configs [none]
[debug] [2025-04-28T00:26:34.013Z] <<< [apiv2][status] GET https://runtimeconfig.googleapis.com/v1beta1/projects/aero-racehub/configs 200
[debug] [2025-04-28T00:26:34.013Z] <<< [apiv2][body] GET https://runtimeconfig.googleapis.com/v1beta1/projects/aero-racehub/configs {"configs":[{"name":"projects/aero-racehub/configs/mongodb"}]}
[debug] [2025-04-28T00:26:34.013Z] Checked if tokens are valid: true, expires at: 1745801445363
[debug] [2025-04-28T00:26:34.014Z] Checked if tokens are valid: true, expires at: 1745801445363
[debug] [2025-04-28T00:26:34.014Z] >>> [apiv2][query] GET https://runtimeconfig.googleapis.com/v1beta1/projects/aero-racehub/configs/mongodb/variables [none]
[debug] [2025-04-28T00:26:34.288Z] <<< [apiv2][status] GET https://runtimeconfig.googleapis.com/v1beta1/projects/aero-racehub/configs/mongodb/variables 200
[debug] [2025-04-28T00:26:34.288Z] <<< [apiv2][body] GET https://runtimeconfig.googleapis.com/v1beta1/projects/aero-racehub/configs/mongodb/variables {"variables":[{"name":"projects/aero-racehub/configs/mongodb/variables/uri","updateTime":"2025-04-23T13:58:58.352458690Z"}]}
[debug] [2025-04-28T00:26:34.289Z] Checked if tokens are valid: true, expires at: 1745801445363
[debug] [2025-04-28T00:26:34.289Z] Checked if tokens are valid: true, expires at: 1745801445363
[debug] [2025-04-28T00:26:34.289Z] >>> [apiv2][query] GET https://runtimeconfig.googleapis.com/v1beta1/projects/aero-racehub/configs/mongodb/variables/uri [none]
[debug] [2025-04-28T00:26:34.576Z] <<< [apiv2][status] GET https://runtimeconfig.googleapis.com/v1beta1/projects/aero-racehub/configs/mongodb/variables/uri 200
[debug] [2025-04-28T00:26:34.576Z] <<< [apiv2][body] GET https://runtimeconfig.googleapis.com/v1beta1/projects/aero-racehub/configs/mongodb/variables/uri {"name":"projects/aero-racehub/configs/mongodb/variables/uri","updateTime":"2025-04-23T13:58:58.352458690Z","text":"mongodb+srv://carlmarkcarambas:6V3TBg2g3jsQwzRt@aerocluster.xjv3p1p.mongodb.net/aero?retryWrites=true&w=majority&appName=AeroCluster"}
[debug] [2025-04-28T00:26:34.577Z] Validating nodejs source
[debug] [2025-04-28T00:26:35.197Z] > [functions] package.json contents: {
  "name": "api",
  "version": "0.0.1",
  "dependencies": {
    "@google-cloud/functions-framework": "3.5.1",
    "@nestjs/common": "10.4.17",
    "@nestjs/core": "10.4.17",
    "@nestjs/platform-express": "10.4.17",
    "@prisma/client": "6.6.0",
    "@ts-rest/core": "3.52.1",
    "@ts-rest/nest": "3.52.1",
    "cookie-parser": "1.4.7",
    "express": "5.1.0",
    "firebase-admin": "13.3.0",
    "firebase-functions": "6.3.2",
    "helmet": "8.1.0",
    "reflect-metadata": "0.1.14",
    "rxjs": "7.8.2",
    "zod": "3.24.3"
  },
  "main": "main.js"
}
[debug] [2025-04-28T00:26:35.197Z] Building nodejs source
[info] i  functions: Loading and analyzing source code for codebase default to determine what to deploy 
[debug] [2025-04-28T00:26:35.197Z] Could not find functions.yaml. Must use http discovery
[debug] [2025-04-28T00:26:35.205Z] Found firebase-functions binary at '/Users/carlcarambas/Development/Flexisource/apps/carl-onboarding/node_modules/.bin/firebase-functions'
[info] Serving at port 8747

[info] [Nest] 24750  - 04/28/2025, 8:26:35 AM     LOG 🚀 Starting firebase functions at api

[info] [Nest] 24750  - 04/28/2025, 8:26:35 AM     LOG [NestFactory] Starting Nest application... +1ms

[debug] [2025-04-28T00:26:35.789Z] Got response from /__/functions.yaml {"endpoints":{"api":{"availableMemoryMb":null,"timeoutSeconds":null,"minInstances":null,"maxInstances":null,"ingressSettings":null,"concurrency":null,"serviceAccountEmail":null,"vpc":null,"platform":"gcfv2","labels":{},"httpsTrigger":{},"entryPoint":"api"}},"specVersion":"v1alpha1","requiredAPIs":[],"extensions":{}}
[info] [Nest] 24750  - 04/28/2025, 8:26:35 AM     LOG [InstanceLoader] PrismaModule dependencies initialized +25ms

[info] [Nest] 24750  - 04/28/2025, 8:26:35 AM     LOG [InstanceLoader] AppModule dependencies initialized +24ms

[info] [Nest] 24750  - 04/28/2025, 8:26:35 AM     LOG [AuthController] AuthController constructor
[Nest] 24750  - 04/28/2025, 8:26:35 AM     LOG [InstanceLoader] PigeonModule dependencies initialized +0ms
[Nest] 24750  - 04/28/2025, 8:26:35 AM     LOG [InstanceLoader] AuthModule dependencies initialized +0ms

[info] [Nest] 24750  - 04/28/2025, 8:26:35 AM     LOG [RoutesResolver] AppController {/}: +4ms

[info] [Nest] 24750  - 04/28/2025, 8:26:35 AM     LOG [RouterExplorer] Mapped {/, GET} route +1ms

[info] [Nest] 24750  - 04/28/2025, 8:26:35 AM     LOG [RoutesResolver] PigeonsController {/pigeons}: +1ms

[info] [Nest] 24750  - 04/28/2025, 8:26:35 AM     LOG [RouterExplorer] Mapped {/pigeons, POST} route +1ms

[info] [Nest] 24750  - 04/28/2025, 8:26:35 AM     LOG [RouterExplorer] Mapped {/pigeons, GET} route +1ms

[info] [Nest] 24750  - 04/28/2025, 8:26:35 AM     LOG [RouterExplorer] Mapped {/pigeons/:id, GET} route +1ms

[info] [Nest] 24750  - 04/28/2025, 8:26:35 AM     LOG [RouterExplorer] Mapped {/pigeons/:id, PATCH} route +0ms

[info] [Nest] 24750  - 04/28/2025, 8:26:35 AM     LOG [RouterExplorer] Mapped {/pigeons/:id, DELETE} route +1ms

[info] [Nest] 24750  - 04/28/2025, 8:26:35 AM     LOG [RoutesResolver] AuthController {/auth}: +1ms

[info] [Nest] 24750  - 04/28/2025, 8:26:35 AM     LOG [RouterExplorer] Mapped {/auth/login, POST} route +0ms

[info] [Nest] 24750  - 04/28/2025, 8:26:37 AM     LOG [NestApplication] Nest application successfully started +1994ms

[info] [Nest] 24750  - 04/28/2025, 8:26:37 AM     LOG 🚀 Starting firebase functions

[info] i  extensions: ensuring required API firebaseextensions.googleapis.com is enabled... 
[debug] [2025-04-28T00:26:40.865Z] Checked if tokens are valid: true, expires at: 1745801445363
[debug] [2025-04-28T00:26:40.865Z] Checked if tokens are valid: true, expires at: 1745801445363
[debug] [2025-04-28T00:26:40.866Z] >>> [apiv2][query] GET https://serviceusage.googleapis.com/v1/projects/aero-racehub/services/firebaseextensions.googleapis.com [none]
[debug] [2025-04-28T00:26:40.866Z] >>> [apiv2][(partial)header] GET https://serviceusage.googleapis.com/v1/projects/aero-racehub/services/firebaseextensions.googleapis.com x-goog-quota-user=projects/aero-racehub
[debug] [2025-04-28T00:26:42.180Z] <<< [apiv2][status] GET https://serviceusage.googleapis.com/v1/projects/aero-racehub/services/firebaseextensions.googleapis.com 200
[debug] [2025-04-28T00:26:42.180Z] <<< [apiv2][body] GET https://serviceusage.googleapis.com/v1/projects/aero-racehub/services/firebaseextensions.googleapis.com [omitted]
[info] ✔  extensions: required API firebaseextensions.googleapis.com is enabled 
[debug] [2025-04-28T00:26:42.180Z] > command requires scopes: ["email","openid","https://www.googleapis.com/auth/cloudplatformprojects.readonly","https://www.googleapis.com/auth/firebase","https://www.googleapis.com/auth/cloud-platform"]
[debug] [2025-04-28T00:26:42.181Z] > authorizing via signed-in user (carlmark.carambas@gmail.com)
[debug] [2025-04-28T00:26:42.181Z] [iam] checking project aero-racehub for permissions ["firebase.projects.get","firebaseextensions.instances.list"]
[debug] [2025-04-28T00:26:42.181Z] Checked if tokens are valid: true, expires at: 1745801445363
[debug] [2025-04-28T00:26:42.181Z] Checked if tokens are valid: true, expires at: 1745801445363
[debug] [2025-04-28T00:26:42.181Z] >>> [apiv2][query] POST https://cloudresourcemanager.googleapis.com/v1/projects/aero-racehub:testIamPermissions [none]
[debug] [2025-04-28T00:26:42.181Z] >>> [apiv2][(partial)header] POST https://cloudresourcemanager.googleapis.com/v1/projects/aero-racehub:testIamPermissions x-goog-quota-user=projects/aero-racehub
[debug] [2025-04-28T00:26:42.181Z] >>> [apiv2][body] POST https://cloudresourcemanager.googleapis.com/v1/projects/aero-racehub:testIamPermissions {"permissions":["firebase.projects.get","firebaseextensions.instances.list"]}
[debug] [2025-04-28T00:26:43.038Z] <<< [apiv2][status] POST https://cloudresourcemanager.googleapis.com/v1/projects/aero-racehub:testIamPermissions 200
[debug] [2025-04-28T00:26:43.038Z] <<< [apiv2][body] POST https://cloudresourcemanager.googleapis.com/v1/projects/aero-racehub:testIamPermissions {"permissions":["firebase.projects.get","firebaseextensions.instances.list"]}
[debug] [2025-04-28T00:26:43.038Z] Checked if tokens are valid: true, expires at: 1745801445363
[debug] [2025-04-28T00:26:43.038Z] Checked if tokens are valid: true, expires at: 1745801445363
[debug] [2025-04-28T00:26:43.038Z] >>> [apiv2][query] GET https://firebaseextensions.googleapis.com/v1beta/projects/aero-racehub/instances pageSize=100&pageToken=
[debug] [2025-04-28T00:26:44.127Z] <<< [apiv2][status] GET https://firebaseextensions.googleapis.com/v1beta/projects/aero-racehub/instances 200
[debug] [2025-04-28T00:26:44.130Z] <<< [apiv2][body] GET https://firebaseextensions.googleapis.com/v1beta/projects/aero-racehub/instances {}
[debug] [2025-04-28T00:26:44.133Z] Failed to validate key FIREBASE_PROJECT_ID: Error: Key FIREBASE_PROJECT_ID starts with a reserved prefix (X_GOOGLE_ FIREBASE_ EXT_)
[debug] [2025-04-28T00:26:44.133Z] Failed to validate key FIREBASE_CLIENT_EMAIL: Error: Key FIREBASE_CLIENT_EMAIL starts with a reserved prefix (X_GOOGLE_ FIREBASE_ EXT_)
[debug] [2025-04-28T00:26:44.133Z] Failed to validate key FIREBASE_PRIVATE_KEY: Error: Key FIREBASE_PRIVATE_KEY starts with a reserved prefix (X_GOOGLE_ FIREBASE_ EXT_)
[error] Error: Failed to load environment variables from .env.:
[error] - Error Key FIREBASE_PROJECT_ID starts with a reserved prefix (X_GOOGLE_ FIREBASE_ EXT_)
[error] - Error Key FIREBASE_CLIENT_EMAIL starts with a reserved prefix (X_GOOGLE_ FIREBASE_ EXT_)
[error] - Error Key FIREBASE_PRIVATE_KEY starts with a reserved prefix (X_GOOGLE_ FIREBASE_ EXT_)
[debug] [2025-04-28T00:29:24.114Z] ----------------------------------------------------------------------
[debug] [2025-04-28T00:29:24.116Z] Command:       /Users/carlcarambas/.nvm/versions/node/v20.11.1/bin/node /Users/carlcarambas/.nvm/versions/node/v20.11.1/bin/firebase deploy --only functions --debug
[debug] [2025-04-28T00:29:24.116Z] CLI Version:   14.2.0
[debug] [2025-04-28T00:29:24.116Z] Platform:      darwin
[debug] [2025-04-28T00:29:24.116Z] Node Version:  v20.11.1
[debug] [2025-04-28T00:29:24.117Z] Time:          Mon Apr 28 2025 08:29:24 GMT+0800 (Philippine Standard Time)
[debug] [2025-04-28T00:29:24.117Z] ----------------------------------------------------------------------
[debug] 
[debug] [2025-04-28T00:29:24.251Z] > command requires scopes: ["email","openid","https://www.googleapis.com/auth/cloudplatformprojects.readonly","https://www.googleapis.com/auth/firebase","https://www.googleapis.com/auth/cloud-platform"]
[debug] [2025-04-28T00:29:24.252Z] > authorizing via signed-in user (carlmark.carambas@gmail.com)
[debug] [2025-04-28T00:29:24.252Z] [iam] checking project aero-racehub for permissions ["cloudfunctions.functions.create","cloudfunctions.functions.delete","cloudfunctions.functions.get","cloudfunctions.functions.list","cloudfunctions.functions.update","cloudfunctions.operations.get","firebase.projects.get"]
[debug] [2025-04-28T00:29:24.253Z] Checked if tokens are valid: true, expires at: 1745801445363
[debug] [2025-04-28T00:29:24.254Z] Checked if tokens are valid: true, expires at: 1745801445363
[debug] [2025-04-28T00:29:24.255Z] >>> [apiv2][query] POST https://cloudresourcemanager.googleapis.com/v1/projects/aero-racehub:testIamPermissions [none]
[debug] [2025-04-28T00:29:24.255Z] >>> [apiv2][(partial)header] POST https://cloudresourcemanager.googleapis.com/v1/projects/aero-racehub:testIamPermissions x-goog-quota-user=projects/aero-racehub
[debug] [2025-04-28T00:29:24.255Z] >>> [apiv2][body] POST https://cloudresourcemanager.googleapis.com/v1/projects/aero-racehub:testIamPermissions {"permissions":["cloudfunctions.functions.create","cloudfunctions.functions.delete","cloudfunctions.functions.get","cloudfunctions.functions.list","cloudfunctions.functions.update","cloudfunctions.operations.get","firebase.projects.get"]}
[debug] [2025-04-28T00:29:25.225Z] <<< [apiv2][status] POST https://cloudresourcemanager.googleapis.com/v1/projects/aero-racehub:testIamPermissions 200
[debug] [2025-04-28T00:29:25.225Z] <<< [apiv2][body] POST https://cloudresourcemanager.googleapis.com/v1/projects/aero-racehub:testIamPermissions {"permissions":["cloudfunctions.functions.create","cloudfunctions.functions.delete","cloudfunctions.functions.get","cloudfunctions.functions.list","cloudfunctions.functions.update","cloudfunctions.operations.get","firebase.projects.get"]}
[debug] [2025-04-28T00:29:25.225Z] Checked if tokens are valid: true, expires at: 1745801445363
[debug] [2025-04-28T00:29:25.226Z] Checked if tokens are valid: true, expires at: 1745801445363
[debug] [2025-04-28T00:29:25.226Z] >>> [apiv2][query] POST https://iam.googleapis.com/v1/projects/aero-racehub/serviceAccounts/aero-racehub@appspot.gserviceaccount.com:testIamPermissions [none]
[debug] [2025-04-28T00:29:25.226Z] >>> [apiv2][body] POST https://iam.googleapis.com/v1/projects/aero-racehub/serviceAccounts/aero-racehub@appspot.gserviceaccount.com:testIamPermissions {"permissions":["iam.serviceAccounts.actAs"]}
[debug] [2025-04-28T00:29:26.355Z] <<< [apiv2][status] POST https://iam.googleapis.com/v1/projects/aero-racehub/serviceAccounts/aero-racehub@appspot.gserviceaccount.com:testIamPermissions 200
[debug] [2025-04-28T00:29:26.355Z] <<< [apiv2][body] POST https://iam.googleapis.com/v1/projects/aero-racehub/serviceAccounts/aero-racehub@appspot.gserviceaccount.com:testIamPermissions {"permissions":["iam.serviceAccounts.actAs"]}
[info] 
[info] === Deploying to 'aero-racehub'...
[info] 
[info] i  deploying functions 
[debug] [2025-04-28T00:29:26.357Z] Checked if tokens are valid: true, expires at: 1745801445363
[debug] [2025-04-28T00:29:26.357Z] Checked if tokens are valid: true, expires at: 1745801445363
[debug] [2025-04-28T00:29:26.357Z] >>> [apiv2][query] GET https://cloudresourcemanager.googleapis.com/v1/projects/aero-racehub [none]
[debug] [2025-04-28T00:29:26.580Z] <<< [apiv2][status] GET https://cloudresourcemanager.googleapis.com/v1/projects/aero-racehub 200
[debug] [2025-04-28T00:29:26.580Z] <<< [apiv2][body] GET https://cloudresourcemanager.googleapis.com/v1/projects/aero-racehub {"projectNumber":"559802171394","projectId":"aero-racehub","lifecycleState":"ACTIVE","name":"aero-racehub","labels":{"firebase":"enabled","firebase-core":"disabled"},"createTime":"2025-04-19T07:51:30.153482Z"}
[info] i  functions: preparing codebase default for deployment 
[info] i  functions: ensuring required API cloudfunctions.googleapis.com is enabled... 
[debug] [2025-04-28T00:29:26.581Z] Checked if tokens are valid: true, expires at: 1745801445363
[debug] [2025-04-28T00:29:26.581Z] Checked if tokens are valid: true, expires at: 1745801445363
[debug] [2025-04-28T00:29:26.581Z] Checked if tokens are valid: true, expires at: 1745801445363
[debug] [2025-04-28T00:29:26.581Z] Checked if tokens are valid: true, expires at: 1745801445363
[info] i  functions: ensuring required API cloudbuild.googleapis.com is enabled... 
[debug] [2025-04-28T00:29:26.581Z] Checked if tokens are valid: true, expires at: 1745801445363
[debug] [2025-04-28T00:29:26.581Z] Checked if tokens are valid: true, expires at: 1745801445363
[info] i  artifactregistry: ensuring required API artifactregistry.googleapis.com is enabled... 
[debug] [2025-04-28T00:29:26.582Z] Checked if tokens are valid: true, expires at: 1745801445363
[debug] [2025-04-28T00:29:26.582Z] Checked if tokens are valid: true, expires at: 1745801445363
[debug] [2025-04-28T00:29:26.582Z] >>> [apiv2][query] GET https://serviceusage.googleapis.com/v1/projects/aero-racehub/services/cloudfunctions.googleapis.com [none]
[debug] [2025-04-28T00:29:26.582Z] >>> [apiv2][(partial)header] GET https://serviceusage.googleapis.com/v1/projects/aero-racehub/services/cloudfunctions.googleapis.com x-goog-quota-user=projects/aero-racehub
[debug] [2025-04-28T00:29:26.583Z] >>> [apiv2][query] GET https://serviceusage.googleapis.com/v1/projects/aero-racehub/services/runtimeconfig.googleapis.com [none]
[debug] [2025-04-28T00:29:26.583Z] >>> [apiv2][(partial)header] GET https://serviceusage.googleapis.com/v1/projects/aero-racehub/services/runtimeconfig.googleapis.com x-goog-quota-user=projects/aero-racehub
[debug] [2025-04-28T00:29:26.584Z] >>> [apiv2][query] GET https://serviceusage.googleapis.com/v1/projects/aero-racehub/services/cloudbuild.googleapis.com [none]
[debug] [2025-04-28T00:29:26.584Z] >>> [apiv2][(partial)header] GET https://serviceusage.googleapis.com/v1/projects/aero-racehub/services/cloudbuild.googleapis.com x-goog-quota-user=projects/aero-racehub
[debug] [2025-04-28T00:29:26.585Z] >>> [apiv2][query] GET https://serviceusage.googleapis.com/v1/projects/aero-racehub/services/artifactregistry.googleapis.com [none]
[debug] [2025-04-28T00:29:26.585Z] >>> [apiv2][(partial)header] GET https://serviceusage.googleapis.com/v1/projects/aero-racehub/services/artifactregistry.googleapis.com x-goog-quota-user=projects/aero-racehub
[debug] [2025-04-28T00:29:27.746Z] <<< [apiv2][status] GET https://serviceusage.googleapis.com/v1/projects/aero-racehub/services/cloudbuild.googleapis.com 200
[debug] [2025-04-28T00:29:27.746Z] <<< [apiv2][body] GET https://serviceusage.googleapis.com/v1/projects/aero-racehub/services/cloudbuild.googleapis.com [omitted]
[info] ✔  functions: required API cloudbuild.googleapis.com is enabled 
[debug] [2025-04-28T00:29:27.760Z] <<< [apiv2][status] GET https://serviceusage.googleapis.com/v1/projects/aero-racehub/services/cloudfunctions.googleapis.com 200
[debug] [2025-04-28T00:29:27.760Z] <<< [apiv2][body] GET https://serviceusage.googleapis.com/v1/projects/aero-racehub/services/cloudfunctions.googleapis.com [omitted]
[info] ✔  functions: required API cloudfunctions.googleapis.com is enabled 
[debug] [2025-04-28T00:29:27.764Z] <<< [apiv2][status] GET https://serviceusage.googleapis.com/v1/projects/aero-racehub/services/runtimeconfig.googleapis.com 200
[debug] [2025-04-28T00:29:27.764Z] <<< [apiv2][body] GET https://serviceusage.googleapis.com/v1/projects/aero-racehub/services/runtimeconfig.googleapis.com [omitted]
[debug] [2025-04-28T00:29:27.777Z] <<< [apiv2][status] GET https://serviceusage.googleapis.com/v1/projects/aero-racehub/services/artifactregistry.googleapis.com 200
[debug] [2025-04-28T00:29:27.777Z] <<< [apiv2][body] GET https://serviceusage.googleapis.com/v1/projects/aero-racehub/services/artifactregistry.googleapis.com [omitted]
[info] ✔  artifactregistry: required API artifactregistry.googleapis.com is enabled 
[debug] [2025-04-28T00:29:27.777Z] Checked if tokens are valid: true, expires at: 1745801445363
[debug] [2025-04-28T00:29:27.777Z] Checked if tokens are valid: true, expires at: 1745801445363
[debug] [2025-04-28T00:29:27.778Z] >>> [apiv2][query] GET https://firebase.googleapis.com/v1beta1/projects/aero-racehub/adminSdkConfig [none]
[debug] [2025-04-28T00:29:28.345Z] <<< [apiv2][status] GET https://firebase.googleapis.com/v1beta1/projects/aero-racehub/adminSdkConfig 200
[debug] [2025-04-28T00:29:28.346Z] <<< [apiv2][body] GET https://firebase.googleapis.com/v1beta1/projects/aero-racehub/adminSdkConfig {"projectId":"aero-racehub","storageBucket":"aero-racehub.firebasestorage.app"}
[debug] [2025-04-28T00:29:28.346Z] Checked if tokens are valid: true, expires at: 1745801445363
[debug] [2025-04-28T00:29:28.346Z] Checked if tokens are valid: true, expires at: 1745801445363
[debug] [2025-04-28T00:29:28.346Z] >>> [apiv2][query] GET https://runtimeconfig.googleapis.com/v1beta1/projects/aero-racehub/configs [none]
[debug] [2025-04-28T00:29:28.676Z] <<< [apiv2][status] GET https://runtimeconfig.googleapis.com/v1beta1/projects/aero-racehub/configs 200
[debug] [2025-04-28T00:29:28.677Z] <<< [apiv2][body] GET https://runtimeconfig.googleapis.com/v1beta1/projects/aero-racehub/configs {"configs":[{"name":"projects/aero-racehub/configs/mongodb"}]}
[debug] [2025-04-28T00:29:28.677Z] Checked if tokens are valid: true, expires at: 1745801445363
[debug] [2025-04-28T00:29:28.677Z] Checked if tokens are valid: true, expires at: 1745801445363
[debug] [2025-04-28T00:29:28.677Z] >>> [apiv2][query] GET https://runtimeconfig.googleapis.com/v1beta1/projects/aero-racehub/configs/mongodb/variables [none]
[debug] [2025-04-28T00:29:28.960Z] <<< [apiv2][status] GET https://runtimeconfig.googleapis.com/v1beta1/projects/aero-racehub/configs/mongodb/variables 200
[debug] [2025-04-28T00:29:28.960Z] <<< [apiv2][body] GET https://runtimeconfig.googleapis.com/v1beta1/projects/aero-racehub/configs/mongodb/variables {"variables":[{"name":"projects/aero-racehub/configs/mongodb/variables/uri","updateTime":"2025-04-23T13:58:58.352458690Z"}]}
[debug] [2025-04-28T00:29:28.960Z] Checked if tokens are valid: true, expires at: 1745801445363
[debug] [2025-04-28T00:29:28.960Z] Checked if tokens are valid: true, expires at: 1745801445363
[debug] [2025-04-28T00:29:28.960Z] >>> [apiv2][query] GET https://runtimeconfig.googleapis.com/v1beta1/projects/aero-racehub/configs/mongodb/variables/uri [none]
[debug] [2025-04-28T00:29:29.232Z] <<< [apiv2][status] GET https://runtimeconfig.googleapis.com/v1beta1/projects/aero-racehub/configs/mongodb/variables/uri 200
[debug] [2025-04-28T00:29:29.232Z] <<< [apiv2][body] GET https://runtimeconfig.googleapis.com/v1beta1/projects/aero-racehub/configs/mongodb/variables/uri {"name":"projects/aero-racehub/configs/mongodb/variables/uri","updateTime":"2025-04-23T13:58:58.352458690Z","text":"mongodb+srv://carlmarkcarambas:6V3TBg2g3jsQwzRt@aerocluster.xjv3p1p.mongodb.net/aero?retryWrites=true&w=majority&appName=AeroCluster"}
[debug] [2025-04-28T00:29:29.233Z] Validating nodejs source
[debug] [2025-04-28T00:29:29.786Z] > [functions] package.json contents: {
  "name": "api",
  "version": "0.0.1",
  "dependencies": {
    "@google-cloud/functions-framework": "3.5.1",
    "@nestjs/common": "10.4.17",
    "@nestjs/core": "10.4.17",
    "@nestjs/platform-express": "10.4.17",
    "@prisma/client": "6.6.0",
    "@ts-rest/core": "3.52.1",
    "@ts-rest/nest": "3.52.1",
    "cookie-parser": "1.4.7",
    "express": "5.1.0",
    "firebase-admin": "13.3.0",
    "firebase-functions": "6.3.2",
    "helmet": "8.1.0",
    "reflect-metadata": "0.1.14",
    "rxjs": "7.8.2",
    "zod": "3.24.3"
  },
  "main": "main.js"
}
[debug] [2025-04-28T00:29:29.786Z] Building nodejs source
[info] i  functions: Loading and analyzing source code for codebase default to determine what to deploy 
[debug] [2025-04-28T00:29:29.787Z] Could not find functions.yaml. Must use http discovery
[debug] [2025-04-28T00:29:29.794Z] Found firebase-functions binary at '/Users/carlcarambas/Development/Flexisource/apps/carl-onboarding/node_modules/.bin/firebase-functions'
[info] Serving at port 8222

[info] [Nest] 24883  - 04/28/2025, 8:29:30 AM     LOG 🚀 Starting firebase functions at api

[info] [Nest] 24883  - 04/28/2025, 8:29:30 AM     LOG [NestFactory] Starting Nest application... +1ms

[debug] [2025-04-28T00:29:30.177Z] Got response from /__/functions.yaml {"endpoints":{"api":{"availableMemoryMb":null,"timeoutSeconds":null,"minInstances":null,"maxInstances":null,"ingressSettings":null,"concurrency":null,"serviceAccountEmail":null,"vpc":null,"platform":"gcfv2","labels":{},"httpsTrigger":{},"entryPoint":"api"}},"specVersion":"v1alpha1","requiredAPIs":[],"extensions":{}}
[info] [Nest] 24883  - 04/28/2025, 8:29:30 AM     LOG [InstanceLoader] PrismaModule dependencies initialized +18ms

[info] [Nest] 24883  - 04/28/2025, 8:29:30 AM     LOG [InstanceLoader] AppModule dependencies initialized +12ms

[info] [Nest] 24883  - 04/28/2025, 8:29:30 AM     LOG [AuthController] AuthController constructor

[info] [Nest] 24883  - 04/28/2025, 8:29:30 AM     LOG [InstanceLoader] PigeonModule dependencies initialized +0ms

[info] [Nest] 24883  - 04/28/2025, 8:29:30 AM     LOG [InstanceLoader] AuthModule dependencies initialized +0ms

[info] [Nest] 24883  - 04/28/2025, 8:29:30 AM     LOG [RoutesResolver] AppController {/}: +4ms

[info] [Nest] 24883  - 04/28/2025, 8:29:30 AM     LOG [RouterExplorer] Mapped {/, GET} route +1ms

[info] [Nest] 24883  - 04/28/2025, 8:29:30 AM     LOG [RoutesResolver] PigeonsController {/pigeons}: +0ms

[info] [Nest] 24883  - 04/28/2025, 8:29:30 AM     LOG [RouterExplorer] Mapped {/pigeons, POST} route +1ms

[info] [Nest] 24883  - 04/28/2025, 8:29:30 AM     LOG [RouterExplorer] Mapped {/pigeons, GET} route +2ms

[info] [Nest] 24883  - 04/28/2025, 8:29:30 AM     LOG [RouterExplorer] Mapped {/pigeons/:id, GET} route +0ms

[info] [Nest] 24883  - 04/28/2025, 8:29:30 AM     LOG [RouterExplorer] Mapped {/pigeons/:id, PATCH} route +1ms

[info] [Nest] 24883  - 04/28/2025, 8:29:30 AM     LOG [RouterExplorer] Mapped {/pigeons/:id, DELETE} route +1ms

[info] [Nest] 24883  - 04/28/2025, 8:29:30 AM     LOG [RoutesResolver] AuthController {/auth}: +0ms

[info] [Nest] 24883  - 04/28/2025, 8:29:30 AM     LOG [RouterExplorer] Mapped {/auth/login, POST} route +1ms

[info] i  extensions: ensuring required API firebaseextensions.googleapis.com is enabled... 
[debug] [2025-04-28T00:29:40.237Z] Checked if tokens are valid: true, expires at: 1745801445363
[debug] [2025-04-28T00:29:40.237Z] Checked if tokens are valid: true, expires at: 1745801445363
[debug] [2025-04-28T00:29:40.237Z] >>> [apiv2][query] GET https://serviceusage.googleapis.com/v1/projects/aero-racehub/services/firebaseextensions.googleapis.com [none]
[debug] [2025-04-28T00:29:40.238Z] >>> [apiv2][(partial)header] GET https://serviceusage.googleapis.com/v1/projects/aero-racehub/services/firebaseextensions.googleapis.com x-goog-quota-user=projects/aero-racehub
[debug] [2025-04-28T00:29:41.430Z] <<< [apiv2][status] GET https://serviceusage.googleapis.com/v1/projects/aero-racehub/services/firebaseextensions.googleapis.com 200
[debug] [2025-04-28T00:29:41.430Z] <<< [apiv2][body] GET https://serviceusage.googleapis.com/v1/projects/aero-racehub/services/firebaseextensions.googleapis.com [omitted]
[info] ✔  extensions: required API firebaseextensions.googleapis.com is enabled 
[debug] [2025-04-28T00:29:41.430Z] > command requires scopes: ["email","openid","https://www.googleapis.com/auth/cloudplatformprojects.readonly","https://www.googleapis.com/auth/firebase","https://www.googleapis.com/auth/cloud-platform"]
[debug] [2025-04-28T00:29:41.430Z] > authorizing via signed-in user (carlmark.carambas@gmail.com)
[debug] [2025-04-28T00:29:41.430Z] [iam] checking project aero-racehub for permissions ["firebase.projects.get","firebaseextensions.instances.list"]
[debug] [2025-04-28T00:29:41.431Z] Checked if tokens are valid: true, expires at: 1745801445363
[debug] [2025-04-28T00:29:41.431Z] Checked if tokens are valid: true, expires at: 1745801445363
[debug] [2025-04-28T00:29:41.431Z] >>> [apiv2][query] POST https://cloudresourcemanager.googleapis.com/v1/projects/aero-racehub:testIamPermissions [none]
[debug] [2025-04-28T00:29:41.431Z] >>> [apiv2][(partial)header] POST https://cloudresourcemanager.googleapis.com/v1/projects/aero-racehub:testIamPermissions x-goog-quota-user=projects/aero-racehub
[debug] [2025-04-28T00:29:41.431Z] >>> [apiv2][body] POST https://cloudresourcemanager.googleapis.com/v1/projects/aero-racehub:testIamPermissions {"permissions":["firebase.projects.get","firebaseextensions.instances.list"]}
[debug] [2025-04-28T00:29:42.306Z] <<< [apiv2][status] POST https://cloudresourcemanager.googleapis.com/v1/projects/aero-racehub:testIamPermissions 200
[debug] [2025-04-28T00:29:42.306Z] <<< [apiv2][body] POST https://cloudresourcemanager.googleapis.com/v1/projects/aero-racehub:testIamPermissions {"permissions":["firebase.projects.get","firebaseextensions.instances.list"]}
[debug] [2025-04-28T00:29:42.306Z] Checked if tokens are valid: true, expires at: 1745801445363
[debug] [2025-04-28T00:29:42.306Z] Checked if tokens are valid: true, expires at: 1745801445363
[debug] [2025-04-28T00:29:42.307Z] >>> [apiv2][query] GET https://firebaseextensions.googleapis.com/v1beta/projects/aero-racehub/instances pageSize=100&pageToken=
[debug] [2025-04-28T00:29:43.326Z] <<< [apiv2][status] GET https://firebaseextensions.googleapis.com/v1beta/projects/aero-racehub/instances 200
[debug] [2025-04-28T00:29:43.326Z] <<< [apiv2][body] GET https://firebaseextensions.googleapis.com/v1beta/projects/aero-racehub/instances {}
[debug] [2025-04-28T00:29:43.329Z] Failed to validate key FIREBASE_PROJECT_ID: Error: Key FIREBASE_PROJECT_ID starts with a reserved prefix (X_GOOGLE_ FIREBASE_ EXT_)
[debug] [2025-04-28T00:29:43.329Z] Failed to validate key FIREBASE_CLIENT_EMAIL: Error: Key FIREBASE_CLIENT_EMAIL starts with a reserved prefix (X_GOOGLE_ FIREBASE_ EXT_)
[debug] [2025-04-28T00:29:43.329Z] Failed to validate key FIREBASE_PRIVATE_KEY: Error: Key FIREBASE_PRIVATE_KEY starts with a reserved prefix (X_GOOGLE_ FIREBASE_ EXT_)
[error] Error: Failed to load environment variables from .env.:
[error] - Error Key FIREBASE_PROJECT_ID starts with a reserved prefix (X_GOOGLE_ FIREBASE_ EXT_)
[error] - Error Key FIREBASE_CLIENT_EMAIL starts with a reserved prefix (X_GOOGLE_ FIREBASE_ EXT_)
[error] - Error Key FIREBASE_PRIVATE_KEY starts with a reserved prefix (X_GOOGLE_ FIREBASE_ EXT_)
[debug] [2025-04-28T00:30:40.140Z] ----------------------------------------------------------------------
[debug] [2025-04-28T00:30:40.142Z] Command:       /Users/carlcarambas/.nvm/versions/node/v20.11.1/bin/node /Users/carlcarambas/.nvm/versions/node/v20.11.1/bin/firebase deploy --only functions --debug
[debug] [2025-04-28T00:30:40.142Z] CLI Version:   14.2.0
[debug] [2025-04-28T00:30:40.142Z] Platform:      darwin
[debug] [2025-04-28T00:30:40.143Z] Node Version:  v20.11.1
[debug] [2025-04-28T00:30:40.143Z] Time:          Mon Apr 28 2025 08:30:40 GMT+0800 (Philippine Standard Time)
[debug] [2025-04-28T00:30:40.143Z] ----------------------------------------------------------------------
[debug] 
[debug] [2025-04-28T00:30:40.277Z] > command requires scopes: ["email","openid","https://www.googleapis.com/auth/cloudplatformprojects.readonly","https://www.googleapis.com/auth/firebase","https://www.googleapis.com/auth/cloud-platform"]
[debug] [2025-04-28T00:30:40.278Z] > authorizing via signed-in user (carlmark.carambas@gmail.com)
[debug] [2025-04-28T00:30:40.279Z] [iam] checking project aero-racehub for permissions ["cloudfunctions.functions.create","cloudfunctions.functions.delete","cloudfunctions.functions.get","cloudfunctions.functions.list","cloudfunctions.functions.update","cloudfunctions.operations.get","firebase.projects.get"]
[debug] [2025-04-28T00:30:40.280Z] Checked if tokens are valid: true, expires at: 1745801445363
[debug] [2025-04-28T00:30:40.280Z] Checked if tokens are valid: true, expires at: 1745801445363
[debug] [2025-04-28T00:30:40.281Z] >>> [apiv2][query] POST https://cloudresourcemanager.googleapis.com/v1/projects/aero-racehub:testIamPermissions [none]
[debug] [2025-04-28T00:30:40.281Z] >>> [apiv2][(partial)header] POST https://cloudresourcemanager.googleapis.com/v1/projects/aero-racehub:testIamPermissions x-goog-quota-user=projects/aero-racehub
[debug] [2025-04-28T00:30:40.281Z] >>> [apiv2][body] POST https://cloudresourcemanager.googleapis.com/v1/projects/aero-racehub:testIamPermissions {"permissions":["cloudfunctions.functions.create","cloudfunctions.functions.delete","cloudfunctions.functions.get","cloudfunctions.functions.list","cloudfunctions.functions.update","cloudfunctions.operations.get","firebase.projects.get"]}
[debug] [2025-04-28T00:30:41.292Z] <<< [apiv2][status] POST https://cloudresourcemanager.googleapis.com/v1/projects/aero-racehub:testIamPermissions 200
[debug] [2025-04-28T00:30:41.292Z] <<< [apiv2][body] POST https://cloudresourcemanager.googleapis.com/v1/projects/aero-racehub:testIamPermissions {"permissions":["cloudfunctions.functions.create","cloudfunctions.functions.delete","cloudfunctions.functions.get","cloudfunctions.functions.list","cloudfunctions.functions.update","cloudfunctions.operations.get","firebase.projects.get"]}
[debug] [2025-04-28T00:30:41.293Z] Checked if tokens are valid: true, expires at: 1745801445363
[debug] [2025-04-28T00:30:41.293Z] Checked if tokens are valid: true, expires at: 1745801445363
[debug] [2025-04-28T00:30:41.294Z] >>> [apiv2][query] POST https://iam.googleapis.com/v1/projects/aero-racehub/serviceAccounts/aero-racehub@appspot.gserviceaccount.com:testIamPermissions [none]
[debug] [2025-04-28T00:30:41.294Z] >>> [apiv2][body] POST https://iam.googleapis.com/v1/projects/aero-racehub/serviceAccounts/aero-racehub@appspot.gserviceaccount.com:testIamPermissions {"permissions":["iam.serviceAccounts.actAs"]}
[debug] [2025-04-28T00:30:42.414Z] <<< [apiv2][status] POST https://iam.googleapis.com/v1/projects/aero-racehub/serviceAccounts/aero-racehub@appspot.gserviceaccount.com:testIamPermissions 200
[debug] [2025-04-28T00:30:42.414Z] <<< [apiv2][body] POST https://iam.googleapis.com/v1/projects/aero-racehub/serviceAccounts/aero-racehub@appspot.gserviceaccount.com:testIamPermissions {"permissions":["iam.serviceAccounts.actAs"]}
[info] 
[info] === Deploying to 'aero-racehub'...
[info] 
[info] i  deploying functions 
[debug] [2025-04-28T00:30:42.416Z] Checked if tokens are valid: true, expires at: 1745801445363
[debug] [2025-04-28T00:30:42.416Z] Checked if tokens are valid: true, expires at: 1745801445363
[debug] [2025-04-28T00:30:42.416Z] >>> [apiv2][query] GET https://cloudresourcemanager.googleapis.com/v1/projects/aero-racehub [none]
[debug] [2025-04-28T00:30:42.638Z] <<< [apiv2][status] GET https://cloudresourcemanager.googleapis.com/v1/projects/aero-racehub 200
[debug] [2025-04-28T00:30:42.638Z] <<< [apiv2][body] GET https://cloudresourcemanager.googleapis.com/v1/projects/aero-racehub {"projectNumber":"559802171394","projectId":"aero-racehub","lifecycleState":"ACTIVE","name":"aero-racehub","labels":{"firebase":"enabled","firebase-core":"disabled"},"createTime":"2025-04-19T07:51:30.153482Z"}
[info] i  functions: preparing codebase default for deployment 
[info] i  functions: ensuring required API cloudfunctions.googleapis.com is enabled... 
[debug] [2025-04-28T00:30:42.639Z] Checked if tokens are valid: true, expires at: 1745801445363
[debug] [2025-04-28T00:30:42.639Z] Checked if tokens are valid: true, expires at: 1745801445363
[debug] [2025-04-28T00:30:42.639Z] Checked if tokens are valid: true, expires at: 1745801445363
[debug] [2025-04-28T00:30:42.639Z] Checked if tokens are valid: true, expires at: 1745801445363
[info] i  functions: ensuring required API cloudbuild.googleapis.com is enabled... 
[debug] [2025-04-28T00:30:42.640Z] Checked if tokens are valid: true, expires at: 1745801445363
[debug] [2025-04-28T00:30:42.640Z] Checked if tokens are valid: true, expires at: 1745801445363
[info] i  artifactregistry: ensuring required API artifactregistry.googleapis.com is enabled... 
[debug] [2025-04-28T00:30:42.640Z] Checked if tokens are valid: true, expires at: 1745801445363
[debug] [2025-04-28T00:30:42.640Z] Checked if tokens are valid: true, expires at: 1745801445363
[debug] [2025-04-28T00:30:42.641Z] >>> [apiv2][query] GET https://serviceusage.googleapis.com/v1/projects/aero-racehub/services/cloudfunctions.googleapis.com [none]
[debug] [2025-04-28T00:30:42.641Z] >>> [apiv2][(partial)header] GET https://serviceusage.googleapis.com/v1/projects/aero-racehub/services/cloudfunctions.googleapis.com x-goog-quota-user=projects/aero-racehub
[debug] [2025-04-28T00:30:42.641Z] >>> [apiv2][query] GET https://serviceusage.googleapis.com/v1/projects/aero-racehub/services/runtimeconfig.googleapis.com [none]
[debug] [2025-04-28T00:30:42.641Z] >>> [apiv2][(partial)header] GET https://serviceusage.googleapis.com/v1/projects/aero-racehub/services/runtimeconfig.googleapis.com x-goog-quota-user=projects/aero-racehub
[debug] [2025-04-28T00:30:42.642Z] >>> [apiv2][query] GET https://serviceusage.googleapis.com/v1/projects/aero-racehub/services/cloudbuild.googleapis.com [none]
[debug] [2025-04-28T00:30:42.642Z] >>> [apiv2][(partial)header] GET https://serviceusage.googleapis.com/v1/projects/aero-racehub/services/cloudbuild.googleapis.com x-goog-quota-user=projects/aero-racehub
[debug] [2025-04-28T00:30:42.644Z] >>> [apiv2][query] GET https://serviceusage.googleapis.com/v1/projects/aero-racehub/services/artifactregistry.googleapis.com [none]
[debug] [2025-04-28T00:30:42.644Z] >>> [apiv2][(partial)header] GET https://serviceusage.googleapis.com/v1/projects/aero-racehub/services/artifactregistry.googleapis.com x-goog-quota-user=projects/aero-racehub
[debug] [2025-04-28T00:30:43.809Z] <<< [apiv2][status] GET https://serviceusage.googleapis.com/v1/projects/aero-racehub/services/runtimeconfig.googleapis.com 200
[debug] [2025-04-28T00:30:43.809Z] <<< [apiv2][body] GET https://serviceusage.googleapis.com/v1/projects/aero-racehub/services/runtimeconfig.googleapis.com [omitted]
[debug] [2025-04-28T00:30:43.812Z] <<< [apiv2][status] GET https://serviceusage.googleapis.com/v1/projects/aero-racehub/services/cloudbuild.googleapis.com 200
[debug] [2025-04-28T00:30:43.812Z] <<< [apiv2][body] GET https://serviceusage.googleapis.com/v1/projects/aero-racehub/services/cloudbuild.googleapis.com [omitted]
[info] ✔  functions: required API cloudbuild.googleapis.com is enabled 
[debug] [2025-04-28T00:30:43.814Z] <<< [apiv2][status] GET https://serviceusage.googleapis.com/v1/projects/aero-racehub/services/artifactregistry.googleapis.com 200
[debug] [2025-04-28T00:30:43.814Z] <<< [apiv2][body] GET https://serviceusage.googleapis.com/v1/projects/aero-racehub/services/artifactregistry.googleapis.com [omitted]
[info] ✔  artifactregistry: required API artifactregistry.googleapis.com is enabled 
[debug] [2025-04-28T00:30:43.844Z] <<< [apiv2][status] GET https://serviceusage.googleapis.com/v1/projects/aero-racehub/services/cloudfunctions.googleapis.com 200
[debug] [2025-04-28T00:30:43.844Z] <<< [apiv2][body] GET https://serviceusage.googleapis.com/v1/projects/aero-racehub/services/cloudfunctions.googleapis.com [omitted]
[info] ✔  functions: required API cloudfunctions.googleapis.com is enabled 
[debug] [2025-04-28T00:30:43.844Z] Checked if tokens are valid: true, expires at: 1745801445363
[debug] [2025-04-28T00:30:43.844Z] Checked if tokens are valid: true, expires at: 1745801445363
[debug] [2025-04-28T00:30:43.844Z] >>> [apiv2][query] GET https://firebase.googleapis.com/v1beta1/projects/aero-racehub/adminSdkConfig [none]
[debug] [2025-04-28T00:30:44.406Z] <<< [apiv2][status] GET https://firebase.googleapis.com/v1beta1/projects/aero-racehub/adminSdkConfig 200
[debug] [2025-04-28T00:30:44.406Z] <<< [apiv2][body] GET https://firebase.googleapis.com/v1beta1/projects/aero-racehub/adminSdkConfig {"projectId":"aero-racehub","storageBucket":"aero-racehub.firebasestorage.app"}
[debug] [2025-04-28T00:30:44.406Z] Checked if tokens are valid: true, expires at: 1745801445363
[debug] [2025-04-28T00:30:44.406Z] Checked if tokens are valid: true, expires at: 1745801445363
[debug] [2025-04-28T00:30:44.407Z] >>> [apiv2][query] GET https://runtimeconfig.googleapis.com/v1beta1/projects/aero-racehub/configs [none]
[debug] [2025-04-28T00:30:44.735Z] <<< [apiv2][status] GET https://runtimeconfig.googleapis.com/v1beta1/projects/aero-racehub/configs 200
[debug] [2025-04-28T00:30:44.735Z] <<< [apiv2][body] GET https://runtimeconfig.googleapis.com/v1beta1/projects/aero-racehub/configs {"configs":[{"name":"projects/aero-racehub/configs/mongodb"}]}
[debug] [2025-04-28T00:30:44.736Z] Checked if tokens are valid: true, expires at: 1745801445363
[debug] [2025-04-28T00:30:44.736Z] Checked if tokens are valid: true, expires at: 1745801445363
[debug] [2025-04-28T00:30:44.736Z] >>> [apiv2][query] GET https://runtimeconfig.googleapis.com/v1beta1/projects/aero-racehub/configs/mongodb/variables [none]
[debug] [2025-04-28T00:30:45.160Z] <<< [apiv2][status] GET https://runtimeconfig.googleapis.com/v1beta1/projects/aero-racehub/configs/mongodb/variables 200
[debug] [2025-04-28T00:30:45.160Z] <<< [apiv2][body] GET https://runtimeconfig.googleapis.com/v1beta1/projects/aero-racehub/configs/mongodb/variables {"variables":[{"name":"projects/aero-racehub/configs/mongodb/variables/uri","updateTime":"2025-04-23T13:58:58.352458690Z"}]}
[debug] [2025-04-28T00:30:45.161Z] Checked if tokens are valid: true, expires at: 1745801445363
[debug] [2025-04-28T00:30:45.161Z] Checked if tokens are valid: true, expires at: 1745801445363
[debug] [2025-04-28T00:30:45.161Z] >>> [apiv2][query] GET https://runtimeconfig.googleapis.com/v1beta1/projects/aero-racehub/configs/mongodb/variables/uri [none]
[debug] [2025-04-28T00:30:45.446Z] <<< [apiv2][status] GET https://runtimeconfig.googleapis.com/v1beta1/projects/aero-racehub/configs/mongodb/variables/uri 200
[debug] [2025-04-28T00:30:45.446Z] <<< [apiv2][body] GET https://runtimeconfig.googleapis.com/v1beta1/projects/aero-racehub/configs/mongodb/variables/uri {"name":"projects/aero-racehub/configs/mongodb/variables/uri","updateTime":"2025-04-23T13:58:58.352458690Z","text":"mongodb+srv://carlmarkcarambas:6V3TBg2g3jsQwzRt@aerocluster.xjv3p1p.mongodb.net/aero?retryWrites=true&w=majority&appName=AeroCluster"}
[debug] [2025-04-28T00:30:45.448Z] Validating nodejs source
[debug] [2025-04-28T00:30:46.665Z] > [functions] package.json contents: {
  "name": "api",
  "version": "0.0.1",
  "dependencies": {
    "@google-cloud/functions-framework": "3.5.1",
    "@nestjs/common": "10.4.17",
    "@nestjs/core": "10.4.17",
    "@nestjs/platform-express": "10.4.17",
    "@prisma/client": "6.6.0",
    "@ts-rest/core": "3.52.1",
    "@ts-rest/nest": "3.52.1",
    "cookie-parser": "1.4.7",
    "express": "5.1.0",
    "firebase-admin": "13.3.0",
    "firebase-functions": "6.3.2",
    "helmet": "8.1.0",
    "reflect-metadata": "0.1.14",
    "rxjs": "7.8.2",
    "zod": "3.24.3"
  },
  "main": "main.js"
}
[debug] [2025-04-28T00:30:46.666Z] Building nodejs source
[info] i  functions: Loading and analyzing source code for codebase default to determine what to deploy 
[debug] [2025-04-28T00:30:46.666Z] Could not find functions.yaml. Must use http discovery
[debug] [2025-04-28T00:30:46.674Z] Found firebase-functions binary at '/Users/carlcarambas/Development/Flexisource/apps/carl-onboarding/node_modules/.bin/firebase-functions'
[info] Serving at port 8174

[info] [Nest] 24992  - 04/28/2025, 8:30:47 AM     LOG 🚀 Starting firebase functions at api

[info] [Nest] 24992  - 04/28/2025, 8:30:47 AM     LOG [NestFactory] Starting Nest application... +1ms

[debug] [2025-04-28T00:30:47.185Z] Got response from /__/functions.yaml {"endpoints":{"api":{"availableMemoryMb":null,"timeoutSeconds":null,"minInstances":null,"maxInstances":null,"ingressSettings":null,"concurrency":null,"serviceAccountEmail":null,"vpc":null,"platform":"gcfv2","labels":{},"httpsTrigger":{},"entryPoint":"api"}},"specVersion":"v1alpha1","requiredAPIs":[],"extensions":{}}
[info] [Nest] 24992  - 04/28/2025, 8:30:47 AM     LOG [InstanceLoader] PrismaModule dependencies initialized +24ms

[info] [Nest] 24992  - 04/28/2025, 8:30:47 AM     LOG [InstanceLoader] AppModule dependencies initialized +20ms

[info] [Nest] 24992  - 04/28/2025, 8:30:47 AM     LOG [AuthController] AuthController constructor
[Nest] 24992  - 04/28/2025, 8:30:47 AM     LOG [InstanceLoader] PigeonModule dependencies initialized +0ms
[Nest] 24992  - 04/28/2025, 8:30:47 AM     LOG [InstanceLoader] AuthModule dependencies initialized +0ms

[info] [Nest] 24992  - 04/28/2025, 8:30:47 AM     LOG [RoutesResolver] AppController {/}: +4ms

[info] [Nest] 24992  - 04/28/2025, 8:30:47 AM     LOG [RouterExplorer] Mapped {/, GET} route +1ms

[info] [Nest] 24992  - 04/28/2025, 8:30:47 AM     LOG [RoutesResolver] PigeonsController {/pigeons}: +1ms

[info] [Nest] 24992  - 04/28/2025, 8:30:47 AM     LOG [RouterExplorer] Mapped {/pigeons, POST} route +0ms

[info] [Nest] 24992  - 04/28/2025, 8:30:47 AM     LOG [RouterExplorer] Mapped {/pigeons, GET} route +2ms

[info] [Nest] 24992  - 04/28/2025, 8:30:47 AM     LOG [RouterExplorer] Mapped {/pigeons/:id, GET} route +1ms

[info] [Nest] 24992  - 04/28/2025, 8:30:47 AM     LOG [RouterExplorer] Mapped {/pigeons/:id, PATCH} route +0ms

[info] [Nest] 24992  - 04/28/2025, 8:30:47 AM     LOG [RouterExplorer] Mapped {/pigeons/:id, DELETE} route +1ms

[info] [Nest] 24992  - 04/28/2025, 8:30:47 AM     LOG [RoutesResolver] AuthController {/auth}: +1ms

[info] [Nest] 24992  - 04/28/2025, 8:30:47 AM     LOG [RouterExplorer] Mapped {/auth/login, POST} route +0ms

[info] [Nest] 24992  - 04/28/2025, 8:30:50 AM     LOG [NestApplication] Nest application successfully started +3218ms

[info] [Nest] 24992  - 04/28/2025, 8:30:50 AM     LOG 🚀 Starting firebase functions

[info] i  extensions: ensuring required API firebaseextensions.googleapis.com is enabled... 
[debug] [2025-04-28T00:30:52.257Z] Checked if tokens are valid: true, expires at: 1745801445363
[debug] [2025-04-28T00:30:52.257Z] Checked if tokens are valid: true, expires at: 1745801445363
[debug] [2025-04-28T00:30:52.258Z] >>> [apiv2][query] GET https://serviceusage.googleapis.com/v1/projects/aero-racehub/services/firebaseextensions.googleapis.com [none]
[debug] [2025-04-28T00:30:52.258Z] >>> [apiv2][(partial)header] GET https://serviceusage.googleapis.com/v1/projects/aero-racehub/services/firebaseextensions.googleapis.com x-goog-quota-user=projects/aero-racehub
[debug] [2025-04-28T00:30:53.884Z] <<< [apiv2][status] GET https://serviceusage.googleapis.com/v1/projects/aero-racehub/services/firebaseextensions.googleapis.com 200
[debug] [2025-04-28T00:30:53.884Z] <<< [apiv2][body] GET https://serviceusage.googleapis.com/v1/projects/aero-racehub/services/firebaseextensions.googleapis.com [omitted]
[info] ✔  extensions: required API firebaseextensions.googleapis.com is enabled 
[debug] [2025-04-28T00:30:53.884Z] > command requires scopes: ["email","openid","https://www.googleapis.com/auth/cloudplatformprojects.readonly","https://www.googleapis.com/auth/firebase","https://www.googleapis.com/auth/cloud-platform"]
[debug] [2025-04-28T00:30:53.884Z] > authorizing via signed-in user (carlmark.carambas@gmail.com)
[debug] [2025-04-28T00:30:53.885Z] [iam] checking project aero-racehub for permissions ["firebase.projects.get","firebaseextensions.instances.list"]
[debug] [2025-04-28T00:30:53.885Z] Checked if tokens are valid: true, expires at: 1745801445363
[debug] [2025-04-28T00:30:53.885Z] Checked if tokens are valid: true, expires at: 1745801445363
[debug] [2025-04-28T00:30:53.885Z] >>> [apiv2][query] POST https://cloudresourcemanager.googleapis.com/v1/projects/aero-racehub:testIamPermissions [none]
[debug] [2025-04-28T00:30:53.885Z] >>> [apiv2][(partial)header] POST https://cloudresourcemanager.googleapis.com/v1/projects/aero-racehub:testIamPermissions x-goog-quota-user=projects/aero-racehub
[debug] [2025-04-28T00:30:53.885Z] >>> [apiv2][body] POST https://cloudresourcemanager.googleapis.com/v1/projects/aero-racehub:testIamPermissions {"permissions":["firebase.projects.get","firebaseextensions.instances.list"]}
[debug] [2025-04-28T00:30:54.743Z] <<< [apiv2][status] POST https://cloudresourcemanager.googleapis.com/v1/projects/aero-racehub:testIamPermissions 200
[debug] [2025-04-28T00:30:54.743Z] <<< [apiv2][body] POST https://cloudresourcemanager.googleapis.com/v1/projects/aero-racehub:testIamPermissions {"permissions":["firebase.projects.get","firebaseextensions.instances.list"]}
[debug] [2025-04-28T00:30:54.743Z] Checked if tokens are valid: true, expires at: 1745801445363
[debug] [2025-04-28T00:30:54.743Z] Checked if tokens are valid: true, expires at: 1745801445363
[debug] [2025-04-28T00:30:54.744Z] >>> [apiv2][query] GET https://firebaseextensions.googleapis.com/v1beta/projects/aero-racehub/instances pageSize=100&pageToken=
[debug] [2025-04-28T00:30:55.801Z] <<< [apiv2][status] GET https://firebaseextensions.googleapis.com/v1beta/projects/aero-racehub/instances 200
[debug] [2025-04-28T00:30:55.804Z] <<< [apiv2][body] GET https://firebaseextensions.googleapis.com/v1beta/projects/aero-racehub/instances {}
[info] i  functions: Loaded environment variables from .env. 
[info] i  functions: preparing dist/apps/api directory for uploading... 
[info] i  functions: packaged /Users/carlcarambas/Development/Flexisource/apps/carl-onboarding/dist/apps/api (66.77 KB) for uploading 
[debug] [2025-04-28T00:30:55.838Z] Checked if tokens are valid: true, expires at: 1745801445363
[debug] [2025-04-28T00:30:55.838Z] Checked if tokens are valid: true, expires at: 1745801445363
[debug] [2025-04-28T00:30:55.839Z] >>> [apiv2][query] GET https://cloudfunctions.googleapis.com/v1/projects/aero-racehub/locations/-/functions [none]
[debug] [2025-04-28T00:30:56.634Z] <<< [apiv2][status] GET https://cloudfunctions.googleapis.com/v1/projects/aero-racehub/locations/-/functions 200
[debug] [2025-04-28T00:30:56.634Z] <<< [apiv2][body] GET https://cloudfunctions.googleapis.com/v1/projects/aero-racehub/locations/-/functions {}
[debug] [2025-04-28T00:30:56.635Z] Checked if tokens are valid: true, expires at: 1745801445363
[debug] [2025-04-28T00:30:56.635Z] Checked if tokens are valid: true, expires at: 1745801445363
[debug] [2025-04-28T00:30:56.635Z] >>> [apiv2][query] GET https://cloudfunctions.googleapis.com/v2/projects/aero-racehub/locations/-/functions filter=environment%3D%22GEN_2%22
[debug] [2025-04-28T00:30:58.201Z] <<< [apiv2][status] GET https://cloudfunctions.googleapis.com/v2/projects/aero-racehub/locations/-/functions 200
[debug] [2025-04-28T00:30:58.202Z] <<< [apiv2][body] GET https://cloudfunctions.googleapis.com/v2/projects/aero-racehub/locations/-/functions {}
[info] i  functions: ensuring required API run.googleapis.com is enabled... 
[debug] [2025-04-28T00:30:58.203Z] Checked if tokens are valid: true, expires at: 1745801445363
[debug] [2025-04-28T00:30:58.203Z] Checked if tokens are valid: true, expires at: 1745801445363
[info] i  functions: ensuring required API eventarc.googleapis.com is enabled... 
[debug] [2025-04-28T00:30:58.203Z] Checked if tokens are valid: true, expires at: 1745801445363
[debug] [2025-04-28T00:30:58.203Z] Checked if tokens are valid: true, expires at: 1745801445363
[info] i  functions: ensuring required API pubsub.googleapis.com is enabled... 
[debug] [2025-04-28T00:30:58.203Z] Checked if tokens are valid: true, expires at: 1745801445363
[debug] [2025-04-28T00:30:58.203Z] Checked if tokens are valid: true, expires at: 1745801445363
[info] i  functions: ensuring required API storage.googleapis.com is enabled... 
[debug] [2025-04-28T00:30:58.203Z] Checked if tokens are valid: true, expires at: 1745801445363
[debug] [2025-04-28T00:30:58.203Z] Checked if tokens are valid: true, expires at: 1745801445363
[debug] [2025-04-28T00:30:58.203Z] >>> [apiv2][query] GET https://serviceusage.googleapis.com/v1/projects/aero-racehub/services/run.googleapis.com [none]
[debug] [2025-04-28T00:30:58.203Z] >>> [apiv2][(partial)header] GET https://serviceusage.googleapis.com/v1/projects/aero-racehub/services/run.googleapis.com x-goog-quota-user=projects/aero-racehub
[debug] [2025-04-28T00:30:58.203Z] >>> [apiv2][query] GET https://serviceusage.googleapis.com/v1/projects/aero-racehub/services/eventarc.googleapis.com [none]
[debug] [2025-04-28T00:30:58.203Z] >>> [apiv2][(partial)header] GET https://serviceusage.googleapis.com/v1/projects/aero-racehub/services/eventarc.googleapis.com x-goog-quota-user=projects/aero-racehub
[debug] [2025-04-28T00:30:58.205Z] >>> [apiv2][query] GET https://serviceusage.googleapis.com/v1/projects/aero-racehub/services/pubsub.googleapis.com [none]
[debug] [2025-04-28T00:30:58.205Z] >>> [apiv2][(partial)header] GET https://serviceusage.googleapis.com/v1/projects/aero-racehub/services/pubsub.googleapis.com x-goog-quota-user=projects/aero-racehub
[debug] [2025-04-28T00:30:58.206Z] >>> [apiv2][query] GET https://serviceusage.googleapis.com/v1/projects/aero-racehub/services/storage.googleapis.com [none]
[debug] [2025-04-28T00:30:58.206Z] >>> [apiv2][(partial)header] GET https://serviceusage.googleapis.com/v1/projects/aero-racehub/services/storage.googleapis.com x-goog-quota-user=projects/aero-racehub
[debug] [2025-04-28T00:30:58.478Z] <<< [apiv2][status] GET https://serviceusage.googleapis.com/v1/projects/aero-racehub/services/run.googleapis.com 200
[debug] [2025-04-28T00:30:58.479Z] <<< [apiv2][body] GET https://serviceusage.googleapis.com/v1/projects/aero-racehub/services/run.googleapis.com [omitted]
[info] ✔  functions: required API run.googleapis.com is enabled 
[debug] [2025-04-28T00:30:59.354Z] <<< [apiv2][status] GET https://serviceusage.googleapis.com/v1/projects/aero-racehub/services/pubsub.googleapis.com 200
[debug] [2025-04-28T00:30:59.354Z] <<< [apiv2][body] GET https://serviceusage.googleapis.com/v1/projects/aero-racehub/services/pubsub.googleapis.com [omitted]
[info] ✔  functions: required API pubsub.googleapis.com is enabled 
[debug] [2025-04-28T00:30:59.376Z] <<< [apiv2][status] GET https://serviceusage.googleapis.com/v1/projects/aero-racehub/services/eventarc.googleapis.com 200
[debug] [2025-04-28T00:30:59.376Z] <<< [apiv2][body] GET https://serviceusage.googleapis.com/v1/projects/aero-racehub/services/eventarc.googleapis.com [omitted]
[info] ✔  functions: required API eventarc.googleapis.com is enabled 
[debug] [2025-04-28T00:30:59.407Z] <<< [apiv2][status] GET https://serviceusage.googleapis.com/v1/projects/aero-racehub/services/storage.googleapis.com 200
[debug] [2025-04-28T00:30:59.407Z] <<< [apiv2][body] GET https://serviceusage.googleapis.com/v1/projects/aero-racehub/services/storage.googleapis.com [omitted]
[info] ✔  functions: required API storage.googleapis.com is enabled 
[info] i  functions: generating the service identity for pubsub.googleapis.com... 
[debug] [2025-04-28T00:30:59.408Z] Checked if tokens are valid: true, expires at: 1745801445363
[debug] [2025-04-28T00:30:59.408Z] Checked if tokens are valid: true, expires at: 1745801445363
[info] i  functions: generating the service identity for eventarc.googleapis.com... 
[debug] [2025-04-28T00:30:59.408Z] Checked if tokens are valid: true, expires at: 1745801445363
[debug] [2025-04-28T00:30:59.408Z] Checked if tokens are valid: true, expires at: 1745801445363
[debug] [2025-04-28T00:30:59.408Z] >>> [apiv2][query] POST https://serviceusage.googleapis.com/v1beta1/projects/559802171394/services/pubsub.googleapis.com:generateServiceIdentity [none]
[debug] [2025-04-28T00:30:59.408Z] >>> [apiv2][query] POST https://serviceusage.googleapis.com/v1beta1/projects/559802171394/services/eventarc.googleapis.com:generateServiceIdentity [none]
[debug] [2025-04-28T00:30:59.772Z] <<< [apiv2][status] POST https://serviceusage.googleapis.com/v1beta1/projects/559802171394/services/eventarc.googleapis.com:generateServiceIdentity 200
[debug] [2025-04-28T00:30:59.772Z] <<< [apiv2][body] POST https://serviceusage.googleapis.com/v1beta1/projects/559802171394/services/eventarc.googleapis.com:generateServiceIdentity {"name":"operations/finished.DONE_OPERATION","done":true,"response":{"@type":"type.googleapis.com/google.api.serviceusage.v1beta1.ServiceIdentity","email":"service-559802171394@gcp-sa-eventarc.iam.gserviceaccount.com","uniqueId":"109961806650929785775"}}
[debug] [2025-04-28T00:30:59.781Z] <<< [apiv2][status] POST https://serviceusage.googleapis.com/v1beta1/projects/559802171394/services/pubsub.googleapis.com:generateServiceIdentity 200
[debug] [2025-04-28T00:30:59.782Z] <<< [apiv2][body] POST https://serviceusage.googleapis.com/v1beta1/projects/559802171394/services/pubsub.googleapis.com:generateServiceIdentity {"name":"operations/finished.DONE_OPERATION","done":true,"response":{"@type":"type.googleapis.com/google.api.serviceusage.v1beta1.ServiceIdentity","email":"service-559802171394@gcp-sa-pubsub.iam.gserviceaccount.com","uniqueId":"114752969523455057897"}}
[debug] [2025-04-28T00:30:59.782Z] Checked if tokens are valid: true, expires at: 1745801445363
[debug] [2025-04-28T00:30:59.783Z] Checked if tokens are valid: true, expires at: 1745801445363
[debug] [2025-04-28T00:30:59.783Z] >>> [apiv2][query] GET https://cloudresourcemanager.googleapis.com/v1/projects/aero-racehub [none]
[debug] [2025-04-28T00:31:00.702Z] <<< [apiv2][status] GET https://cloudresourcemanager.googleapis.com/v1/projects/aero-racehub 200
[debug] [2025-04-28T00:31:00.703Z] <<< [apiv2][body] GET https://cloudresourcemanager.googleapis.com/v1/projects/aero-racehub {"projectNumber":"559802171394","projectId":"aero-racehub","lifecycleState":"ACTIVE","name":"aero-racehub","labels":{"firebase":"enabled","firebase-core":"disabled"},"createTime":"2025-04-19T07:51:30.153482Z"}
[debug] [2025-04-28T00:31:00.703Z] Checked if tokens are valid: true, expires at: 1745801445363
[debug] [2025-04-28T00:31:00.703Z] Checked if tokens are valid: true, expires at: 1745801445363
[debug] [2025-04-28T00:31:00.703Z] >>> [apiv2][query] GET https://cloudbilling.googleapis.com/v1/projects/aero-racehub/billingInfo [none]
[debug] [2025-04-28T00:31:02.108Z] <<< [apiv2][status] GET https://cloudbilling.googleapis.com/v1/projects/aero-racehub/billingInfo 200
[debug] [2025-04-28T00:31:02.108Z] <<< [apiv2][body] GET https://cloudbilling.googleapis.com/v1/projects/aero-racehub/billingInfo {"name":"projects/aero-racehub/billingInfo","projectId":"aero-racehub","billingAccountName":"billingAccounts/01257B-FDAA06-C7788E","billingEnabled":true}
[debug] [2025-04-28T00:31:02.108Z] [functions] found 1 new HTTP functions, testing setIamPolicy permission...
[debug] [2025-04-28T00:31:02.109Z] Checked if tokens are valid: true, expires at: 1745801445363
[debug] [2025-04-28T00:31:02.109Z] Checked if tokens are valid: true, expires at: 1745801445363
[debug] [2025-04-28T00:31:02.109Z] >>> [apiv2][query] POST https://cloudresourcemanager.googleapis.com/v1/projects/aero-racehub:testIamPermissions [none]
[debug] [2025-04-28T00:31:02.109Z] >>> [apiv2][(partial)header] POST https://cloudresourcemanager.googleapis.com/v1/projects/aero-racehub:testIamPermissions x-goog-quota-user=projects/aero-racehub
[debug] [2025-04-28T00:31:02.109Z] >>> [apiv2][body] POST https://cloudresourcemanager.googleapis.com/v1/projects/aero-racehub:testIamPermissions {"permissions":["cloudfunctions.functions.setIamPolicy"]}
[debug] [2025-04-28T00:31:02.286Z] <<< [apiv2][status] POST https://cloudresourcemanager.googleapis.com/v1/projects/aero-racehub:testIamPermissions 200
[debug] [2025-04-28T00:31:02.287Z] <<< [apiv2][body] POST https://cloudresourcemanager.googleapis.com/v1/projects/aero-racehub:testIamPermissions {"permissions":["cloudfunctions.functions.setIamPolicy"]}
[debug] [2025-04-28T00:31:02.287Z] [functions] found setIamPolicy permission, proceeding with deploy
[debug] [2025-04-28T00:31:02.287Z] Checked if tokens are valid: true, expires at: 1745801445363
[debug] [2025-04-28T00:31:02.287Z] Checked if tokens are valid: true, expires at: 1745801445363
[debug] [2025-04-28T00:31:02.287Z] >>> [apiv2][query] POST https://cloudfunctions.googleapis.com/v2/projects/aero-racehub/locations/us-central1/functions:generateUploadUrl [none]
[debug] [2025-04-28T00:31:03.618Z] <<< [apiv2][status] POST https://cloudfunctions.googleapis.com/v2/projects/aero-racehub/locations/us-central1/functions:generateUploadUrl 200
[debug] [2025-04-28T00:31:03.618Z] <<< [apiv2][body] POST https://cloudfunctions.googleapis.com/v2/projects/aero-racehub/locations/us-central1/functions:generateUploadUrl {"uploadUrl":"https://storage.googleapis.com/gcf-v2-uploads-559802171394.us-central1.cloudfunctions.appspot.com/06d3d020-9a72-4a06-84b9-b6c4a9cce54c.zip?GoogleAccessId=service-559802171394@gcf-admin-robot.iam.gserviceaccount.com&Expires=1745802063&Signature=hgWloVOIJvnuMavCgghSABTD5PidJS35%2B2kVSWD%2B%2BTTli%2BvVBc%2FYWtEBOI%2Fxyyo676P4vxEmHMZnZgcgGFIBsnxMSFziDbAe4wo5TygcWBlKNnCHPY3EPNO6ClqmnprsYxCJ4SAprk5ejydXj02Y5RY9HPq%2B0%2FCB2Fjd2iPGJa8GniCY7OzBPKMcwOfWe7nF%2BYsSaw14DKSPGYy9OkyV8a2%2Fotu8LZBH6Oaxl2Jrz8lqXvgX9TEzRFyfNNu8bLegM6u0AQ4XeR0A2BB7L8%2FLh0QU4LO9FzHOelT2bb%2FZ51qoul%2BPM8Sm0h1PO03qn4nQPlywk6snRIV1DoaVjtmZXA%3D%3D","storageSource":{"bucket":"gcf-v2-uploads-559802171394.us-central1.cloudfunctions.appspot.com","object":"06d3d020-9a72-4a06-84b9-b6c4a9cce54c.zip"}}
[debug] [2025-04-28T00:31:03.619Z] >>> [apiv2][query] PUT https://storage.googleapis.com/gcf-v2-uploads-559802171394.us-central1.cloudfunctions.appspot.com/06d3d020-9a72-4a06-84b9-b6c4a9cce54c.zip GoogleAccessId=service-559802171394%40gcf-admin-robot.iam.gserviceaccount.com&Expires=1745802063&Signature=hgWloVOIJvnuMavCgghSABTD5PidJS35%2B2kVSWD%2B%2BTTli%2BvVBc%2FYWtEBOI%2Fxyyo676P4vxEmHMZnZgcgGFIBsnxMSFziDbAe4wo5TygcWBlKNnCHPY3EPNO6ClqmnprsYxCJ4SAprk5ejydXj02Y5RY9HPq%2B0%2FCB2Fjd2iPGJa8GniCY7OzBPKMcwOfWe7nF%2BYsSaw14DKSPGYy9OkyV8a2%2Fotu8LZBH6Oaxl2Jrz8lqXvgX9TEzRFyfNNu8bLegM6u0AQ4XeR0A2BB7L8%2FLh0QU4LO9FzHOelT2bb%2FZ51qoul%2BPM8Sm0h1PO03qn4nQPlywk6snRIV1DoaVjtmZXA%3D%3D
[debug] [2025-04-28T00:31:03.619Z] >>> [apiv2][body] PUT https://storage.googleapis.com/gcf-v2-uploads-559802171394.us-central1.cloudfunctions.appspot.com/06d3d020-9a72-4a06-84b9-b6c4a9cce54c.zip [stream]
[debug] [2025-04-28T00:31:04.381Z] <<< [apiv2][status] PUT https://storage.googleapis.com/gcf-v2-uploads-559802171394.us-central1.cloudfunctions.appspot.com/06d3d020-9a72-4a06-84b9-b6c4a9cce54c.zip 200
[debug] [2025-04-28T00:31:04.381Z] <<< [apiv2][body] PUT https://storage.googleapis.com/gcf-v2-uploads-559802171394.us-central1.cloudfunctions.appspot.com/06d3d020-9a72-4a06-84b9-b6c4a9cce54c.zip [omitted]
[info] ✔  functions: dist/apps/api folder uploaded successfully 
[info] i  functions: creating Node.js 20 (2nd Gen) function api(us-central1)... 
[debug] [2025-04-28T00:31:04.384Z] Checked if tokens are valid: true, expires at: 1745801445363
[debug] [2025-04-28T00:31:04.384Z] Checked if tokens are valid: true, expires at: 1745801445363
[debug] [2025-04-28T00:31:04.384Z] >>> [apiv2][query] POST https://cloudfunctions.googleapis.com/v2/projects/aero-racehub/locations/us-central1/functions functionId=api
[debug] [2025-04-28T00:31:04.384Z] >>> [apiv2][body] POST https://cloudfunctions.googleapis.com/v2/projects/aero-racehub/locations/us-central1/functions {"name":"projects/aero-racehub/locations/us-central1/functions/api","buildConfig":{"runtime":"nodejs20","entryPoint":"api","source":{"storageSource":{"bucket":"gcf-v2-uploads-559802171394.us-central1.cloudfunctions.appspot.com","object":"06d3d020-9a72-4a06-84b9-b6c4a9cce54c.zip"}},"environmentVariables":{"GOOGLE_NODE_RUN_SCRIPTS":""}},"serviceConfig":{"environmentVariables":{"NEST_DEBUG":"true","API_ENVIRONMENT":"local","API_RUN_ON_FIREBASE_FUNCTIONS":"true","APP_UI_URL":"http://localhost:4200","DATABASE_URL":"mongodb+srv://carlmarkcarambas:6V3TBg2g3jsQwzRt@aerocluster.xjv3p1p.mongodb.net/aero?retryWrites=true&w=majority&appName=AeroCluster","API_FIREBASE_PROJECT_ID":"aero-racehub","API_FIREBASE_CLIENT_EMAIL":"firebase-adminsdk-fbsvc@aero-racehub.iam.gserviceaccount.com","API_FIREBASE_PRIVATE_KEY":"-----BEGIN PRIVATE KEY-----\nMIIEvQIBADANBgkqhkiG9w0BAQEFAASCBKcwggSjAgEAAoIBAQCwphlJSyA1EoMQ\nKFD+Yu0eRqFs9stDGM48UwpuHO6a7lyC5xWp/CdQj5et1BEFJT5l6vxaq6Axposr\na9XZWaVu0HqghVvHql2UgiaXcuVGZutIvri2KB2wCAyHw8nYuc0uDsU+hvo5SuyU\nvL3ey984wHr8dmxUBk4qWlrb5MHpM5VYj9BkfCZEF1GwSEo5/TCc4TzLufY9c92C\naYI8aMLTRQVpOJ9YzRB88MpszrDpuPB18sUqjIzFSaK3IOSxy+4T5nMUHBSmqnva\ny+SbabUslmSaJVQa9nvVGKHVbPuYT6WZB0Epb8eJjfuUzeXMA2rCDCZvUIYKClqn\nqoysUdljAgMBAAECggEARaMdCcc7aaCkGT0DfN0rw8ktPuLli0xelOpZjMIMD/iS\ncKo/YJT+PKR2s3iLwx8FA7GIjQfmbVxNta7bjUTpUg+On/Qik8ol/PL32rFZEBFn\nhHRnJawX0/rAUc8NpcnNSHBbMoSMZQST0ii7ovZ0x48djKP0nYUk0E5xTglWpiLe\nHkDCaDpcBzBU55RPp+spfA1IULZdbKKrmbH2JWrLPspfzG/XtWTdX+BX39zAW5Ui\ny0JQBddEWvzxAxxQvVfLjQ/12gWZ+oeF+uABgYAgqKWgr3yS330vna06tA/QArEM\nfKCPNqZFSLvB8133rHgTAoVo5xjTBNamtXeepHMCEQKBgQDxpq5ZAudsbQj8A9hX\neDRf4Jdfrp7RtU0uGwkUnC6wjHLo7fww3UFU68Li4yPg1D7Q6dymAQfth/AIEonr\nMYirCWhLTpjdrZdlfcZL8npsdR555O2ZafjRxNWYxlPLT0bH+urlNm21YGPmTYw3\nehOP9SFQ6UIZziiED3224FFfkwKBgQC7I1LIRazNSSNPjkXLMEyyuDBGg58Ep7Mv\ncTr7+P2qW1X466AxQOUHTtUdHijzRFN9Z6P/riUktZN4w5nndyGjI22ko1ZgkGR9\nCjLrqo71ZTokTAXW8Nza5o/f7e7uftbN72SAimF4EXtZREPQ3i3ot2u+dK8S4l0t\nm5hrWvmg8QKBgHm6Ifc6rEMFBdKVSUR+i7uEUhxjxSMUNgW0nrVgG3DZvwSw5Snk\nOoXBoVFTY/5cTCxGsdx5hnnT0UjvtcPhFtw5h+zvcbexOyNn4Rzez2aU9L4oYLu4\nExvwEDy+IvW2QIx6TBsceNU18fzQMYK8nuAUdizg42hGXkhv2T7m7na7AoGAPhPd\npinWxNJ6MC3V4S1IhBCtkvaejYDD4/z/wA48t4JM5qHjJfONBfuUnnAezXPg7jyv\nHmW6VI8XOHxKVYojUmayPGcihC3h58i2U47klWra+qdtWHvWB5dsKrBXDi5tOysq\nf6ln49iIvnfytxq8x/Hwf+FdIjqNBlATI6muHUECgYEA59SQwXgoASzajx5kfFBj\nSiFvcP8nXdyLEEM23Q31u75l89ORBPXiHuW8jOh5O2T+NjcXd7uQ/v8q+pVKB02B\ndDJDRbU7lPyMQnC2QhrVGt0/E3O6oAHeQAaN22Z+2n2hms/x4ryr+WexapVNbB6T\nYNTlC8B03eEpVCMFQwNOv+o=\n-----END PRIVATE KEY-----\n","FIREBASE_CONFIG":"{\"projectId\":\"aero-racehub\",\"storageBucket\":\"aero-racehub.firebasestorage.app\"}","GCLOUD_PROJECT":"aero-racehub","EVENTARC_CLOUD_EVENT_SOURCE":"projects/aero-racehub/locations/us-central1/services/api","FUNCTION_TARGET":"api","LOG_EXECUTION_ID":"true"},"ingressSettings":null,"timeoutSeconds":null,"serviceAccountEmail":null,"availableMemory":"256Mi","minInstanceCount":null,"maxInstanceCount":null,"maxInstanceRequestConcurrency":80,"availableCpu":"1","vpcConnector":null,"vpcConnectorEgressSettings":null},"labels":{"deployment-tool":"cli-firebase","firebase-functions-hash":"84ed852f2823feaf5ca985ae4ec3b4c8a97cbf0b"}}
[debug] [2025-04-28T00:31:07.119Z] <<< [apiv2][status] POST https://cloudfunctions.googleapis.com/v2/projects/aero-racehub/locations/us-central1/functions 200
[debug] [2025-04-28T00:31:07.119Z] <<< [apiv2][body] POST https://cloudfunctions.googleapis.com/v2/projects/aero-racehub/locations/us-central1/functions {"name":"projects/aero-racehub/locations/us-central1/operations/operation-1745800265864-633cbccb2169e-ac0b5560-b8983aa9","metadata":{"@type":"type.googleapis.com/google.cloud.functions.v2.OperationMetadata","createTime":"2025-04-28T00:31:07.027353242Z","target":"projects/aero-racehub/locations/us-central1/functions/api","verb":"create","cancelRequested":false,"apiVersion":"v2"},"done":false}
[debug] [2025-04-28T00:31:07.120Z] Checked if tokens are valid: true, expires at: 1745801445363
[debug] [2025-04-28T00:31:07.120Z] Checked if tokens are valid: true, expires at: 1745801445363
[debug] [2025-04-28T00:31:07.120Z] >>> [apiv2][query] GET https://cloudfunctions.googleapis.com/v2/projects/aero-racehub/locations/us-central1/operations/operation-1745800265864-633cbccb2169e-ac0b5560-b8983aa9 [none]
[debug] [2025-04-28T00:31:09.224Z] <<< [apiv2][status] GET https://cloudfunctions.googleapis.com/v2/projects/aero-racehub/locations/us-central1/operations/operation-1745800265864-633cbccb2169e-ac0b5560-b8983aa9 200
[debug] [2025-04-28T00:31:09.224Z] <<< [apiv2][body] GET https://cloudfunctions.googleapis.com/v2/projects/aero-racehub/locations/us-central1/operations/operation-1745800265864-633cbccb2169e-ac0b5560-b8983aa9 {"name":"projects/aero-racehub/locations/us-central1/operations/operation-1745800265864-633cbccb2169e-ac0b5560-b8983aa9","metadata":{"@type":"type.googleapis.com/google.cloud.functions.v2.OperationMetadata","createTime":"2025-04-28T00:31:07.027353242Z","target":"projects/aero-racehub/locations/us-central1/functions/api","verb":"create","cancelRequested":false,"apiVersion":"v2","requestResource":{"@type":"type.googleapis.com/google.cloud.functions.v2.Function","name":"projects/aero-racehub/locations/us-central1/functions/api","buildConfig":{"runtime":"nodejs20","entryPoint":"api","source":{"storageSource":{"bucket":"gcf-v2-sources-559802171394-us-central1","object":"api/function-source.zip","generation":"1745800266772053"}},"environmentVariables":{"GOOGLE_NODE_RUN_SCRIPTS":""},"serviceAccount":"projects/aero-racehub/serviceAccounts/559802171394-compute@developer.gserviceaccount.com","automaticUpdatePolicy":{}},"serviceConfig":{"service":"projects/aero-racehub/locations/us-central1/services/api","timeoutSeconds":60,"environmentVariables":{"NEST_DEBUG":"true","API_ENVIRONMENT":"local","API_RUN_ON_FIREBASE_FUNCTIONS":"true","APP_UI_URL":"http://localhost:4200","DATABASE_URL":"mongodb+srv://carlmarkcarambas:6V3TBg2g3jsQwzRt@aerocluster.xjv3p1p.mongodb.net/aero?retryWrites=true&w=majority&appName=AeroCluster","API_FIREBASE_PROJECT_ID":"aero-racehub","API_FIREBASE_CLIENT_EMAIL":"firebase-adminsdk-fbsvc@aero-racehub.iam.gserviceaccount.com","API_FIREBASE_PRIVATE_KEY":"-----BEGIN PRIVATE KEY-----\nMIIEvQIBADANBgkqhkiG9w0BAQEFAASCBKcwggSjAgEAAoIBAQCwphlJSyA1EoMQ\nKFD+Yu0eRqFs9stDGM48UwpuHO6a7lyC5xWp/CdQj5et1BEFJT5l6vxaq6Axposr\na9XZWaVu0HqghVvHql2UgiaXcuVGZutIvri2KB2wCAyHw8nYuc0uDsU+hvo5SuyU\nvL3ey984wHr8dmxUBk4qWlrb5MHpM5VYj9BkfCZEF1GwSEo5/TCc4TzLufY9c92C\naYI8aMLTRQVpOJ9YzRB88MpszrDpuPB18sUqjIzFSaK3IOSxy+4T5nMUHBSmqnva\ny+SbabUslmSaJVQa9nvVGKHVbPuYT6WZB0Epb8eJjfuUzeXMA2rCDCZvUIYKClqn\nqoysUdljAgMBAAECggEARaMdCcc7aaCkGT0DfN0rw8ktPuLli0xelOpZjMIMD/iS\ncKo/YJT+PKR2s3iLwx8FA7GIjQfmbVxNta7bjUTpUg+On/Qik8ol/PL32rFZEBFn\nhHRnJawX0/rAUc8NpcnNSHBbMoSMZQST0ii7ovZ0x48djKP0nYUk0E5xTglWpiLe\nHkDCaDpcBzBU55RPp+spfA1IULZdbKKrmbH2JWrLPspfzG/XtWTdX+BX39zAW5Ui\ny0JQBddEWvzxAxxQvVfLjQ/12gWZ+oeF+uABgYAgqKWgr3yS330vna06tA/QArEM\nfKCPNqZFSLvB8133rHgTAoVo5xjTBNamtXeepHMCEQKBgQDxpq5ZAudsbQj8A9hX\neDRf4Jdfrp7RtU0uGwkUnC6wjHLo7fww3UFU68Li4yPg1D7Q6dymAQfth/AIEonr\nMYirCWhLTpjdrZdlfcZL8npsdR555O2ZafjRxNWYxlPLT0bH+urlNm21YGPmTYw3\nehOP9SFQ6UIZziiED3224FFfkwKBgQC7I1LIRazNSSNPjkXLMEyyuDBGg58Ep7Mv\ncTr7+P2qW1X466AxQOUHTtUdHijzRFN9Z6P/riUktZN4w5nndyGjI22ko1ZgkGR9\nCjLrqo71ZTokTAXW8Nza5o/f7e7uftbN72SAimF4EXtZREPQ3i3ot2u+dK8S4l0t\nm5hrWvmg8QKBgHm6Ifc6rEMFBdKVSUR+i7uEUhxjxSMUNgW0nrVgG3DZvwSw5Snk\nOoXBoVFTY/5cTCxGsdx5hnnT0UjvtcPhFtw5h+zvcbexOyNn4Rzez2aU9L4oYLu4\nExvwEDy+IvW2QIx6TBsceNU18fzQMYK8nuAUdizg42hGXkhv2T7m7na7AoGAPhPd\npinWxNJ6MC3V4S1IhBCtkvaejYDD4/z/wA48t4JM5qHjJfONBfuUnnAezXPg7jyv\nHmW6VI8XOHxKVYojUmayPGcihC3h58i2U47klWra+qdtWHvWB5dsKrBXDi5tOysq\nf6ln49iIvnfytxq8x/Hwf+FdIjqNBlATI6muHUECgYEA59SQwXgoASzajx5kfFBj\nSiFvcP8nXdyLEEM23Q31u75l89ORBPXiHuW8jOh5O2T+NjcXd7uQ/v8q+pVKB02B\ndDJDRbU7lPyMQnC2QhrVGt0/E3O6oAHeQAaN22Z+2n2hms/x4ryr+WexapVNbB6T\nYNTlC8B03eEpVCMFQwNOv+o=\n-----END PRIVATE KEY-----\n","FIREBASE_CONFIG":"{\"projectId\":\"aero-racehub\",\"storageBucket\":\"aero-racehub.firebasestorage.app\"}","GCLOUD_PROJECT":"aero-racehub","EVENTARC_CLOUD_EVENT_SOURCE":"projects/aero-racehub/locations/us-central1/services/api","FUNCTION_TARGET":"api","LOG_EXECUTION_ID":"true"},"ingressSettings":"ALLOW_ALL","serviceAccountEmail":"559802171394-compute@developer.gserviceaccount.com","availableMemory":"256Mi","maxInstanceRequestConcurrency":80,"availableCpu":"1"},"labels":{"deployment-tool":"cli-firebase","firebase-functions-hash":"84ed852f2823feaf5ca985ae4ec3b4c8a97cbf0b"},"environment":"GEN_2"},"stages":[{"name":"BUILD","message":"Build in progress","state":"IN_PROGRESS","resource":"projects/559802171394/locations/us-central1/builds/8ca82835-fc9e-49c5-8e16-2354415f0fc2","resourceUri":"https://console.cloud.google.com/cloud-build/builds;region=us-central1/8ca82835-fc9e-49c5-8e16-2354415f0fc2?project=559802171394"},{"name":"SERVICE","state":"NOT_STARTED"}],"operationType":"CREATE_FUNCTION","buildName":"projects/559802171394/locations/us-central1/builds/8ca82835-fc9e-49c5-8e16-2354415f0fc2"},"done":false}
[debug] [2025-04-28T00:31:09.725Z] [create-default-us-central1-api] Retrying task index 0
[debug] [2025-04-28T00:31:09.725Z] Checked if tokens are valid: true, expires at: 1745801445363
[debug] [2025-04-28T00:31:09.725Z] Checked if tokens are valid: true, expires at: 1745801445363
[debug] [2025-04-28T00:31:09.725Z] >>> [apiv2][query] GET https://cloudfunctions.googleapis.com/v2/projects/aero-racehub/locations/us-central1/operations/operation-1745800265864-633cbccb2169e-ac0b5560-b8983aa9 [none]
[debug] [2025-04-28T00:31:10.982Z] <<< [apiv2][status] GET https://cloudfunctions.googleapis.com/v2/projects/aero-racehub/locations/us-central1/operations/operation-1745800265864-633cbccb2169e-ac0b5560-b8983aa9 200
[debug] [2025-04-28T00:31:10.982Z] <<< [apiv2][body] GET https://cloudfunctions.googleapis.com/v2/projects/aero-racehub/locations/us-central1/operations/operation-1745800265864-633cbccb2169e-ac0b5560-b8983aa9 {"name":"projects/aero-racehub/locations/us-central1/operations/operation-1745800265864-633cbccb2169e-ac0b5560-b8983aa9","metadata":{"@type":"type.googleapis.com/google.cloud.functions.v2.OperationMetadata","createTime":"2025-04-28T00:31:07.027353242Z","target":"projects/aero-racehub/locations/us-central1/functions/api","verb":"create","cancelRequested":false,"apiVersion":"v2","requestResource":{"@type":"type.googleapis.com/google.cloud.functions.v2.Function","name":"projects/aero-racehub/locations/us-central1/functions/api","buildConfig":{"runtime":"nodejs20","entryPoint":"api","source":{"storageSource":{"bucket":"gcf-v2-sources-559802171394-us-central1","object":"api/function-source.zip","generation":"1745800266772053"}},"environmentVariables":{"GOOGLE_NODE_RUN_SCRIPTS":""},"serviceAccount":"projects/aero-racehub/serviceAccounts/559802171394-compute@developer.gserviceaccount.com","automaticUpdatePolicy":{}},"serviceConfig":{"service":"projects/aero-racehub/locations/us-central1/services/api","timeoutSeconds":60,"environmentVariables":{"NEST_DEBUG":"true","API_ENVIRONMENT":"local","API_RUN_ON_FIREBASE_FUNCTIONS":"true","APP_UI_URL":"http://localhost:4200","DATABASE_URL":"mongodb+srv://carlmarkcarambas:6V3TBg2g3jsQwzRt@aerocluster.xjv3p1p.mongodb.net/aero?retryWrites=true&w=majority&appName=AeroCluster","API_FIREBASE_PROJECT_ID":"aero-racehub","API_FIREBASE_CLIENT_EMAIL":"firebase-adminsdk-fbsvc@aero-racehub.iam.gserviceaccount.com","API_FIREBASE_PRIVATE_KEY":"-----BEGIN PRIVATE KEY-----\nMIIEvQIBADANBgkqhkiG9w0BAQEFAASCBKcwggSjAgEAAoIBAQCwphlJSyA1EoMQ\nKFD+Yu0eRqFs9stDGM48UwpuHO6a7lyC5xWp/CdQj5et1BEFJT5l6vxaq6Axposr\na9XZWaVu0HqghVvHql2UgiaXcuVGZutIvri2KB2wCAyHw8nYuc0uDsU+hvo5SuyU\nvL3ey984wHr8dmxUBk4qWlrb5MHpM5VYj9BkfCZEF1GwSEo5/TCc4TzLufY9c92C\naYI8aMLTRQVpOJ9YzRB88MpszrDpuPB18sUqjIzFSaK3IOSxy+4T5nMUHBSmqnva\ny+SbabUslmSaJVQa9nvVGKHVbPuYT6WZB0Epb8eJjfuUzeXMA2rCDCZvUIYKClqn\nqoysUdljAgMBAAECggEARaMdCcc7aaCkGT0DfN0rw8ktPuLli0xelOpZjMIMD/iS\ncKo/YJT+PKR2s3iLwx8FA7GIjQfmbVxNta7bjUTpUg+On/Qik8ol/PL32rFZEBFn\nhHRnJawX0/rAUc8NpcnNSHBbMoSMZQST0ii7ovZ0x48djKP0nYUk0E5xTglWpiLe\nHkDCaDpcBzBU55RPp+spfA1IULZdbKKrmbH2JWrLPspfzG/XtWTdX+BX39zAW5Ui\ny0JQBddEWvzxAxxQvVfLjQ/12gWZ+oeF+uABgYAgqKWgr3yS330vna06tA/QArEM\nfKCPNqZFSLvB8133rHgTAoVo5xjTBNamtXeepHMCEQKBgQDxpq5ZAudsbQj8A9hX\neDRf4Jdfrp7RtU0uGwkUnC6wjHLo7fww3UFU68Li4yPg1D7Q6dymAQfth/AIEonr\nMYirCWhLTpjdrZdlfcZL8npsdR555O2ZafjRxNWYxlPLT0bH+urlNm21YGPmTYw3\nehOP9SFQ6UIZziiED3224FFfkwKBgQC7I1LIRazNSSNPjkXLMEyyuDBGg58Ep7Mv\ncTr7+P2qW1X466AxQOUHTtUdHijzRFN9Z6P/riUktZN4w5nndyGjI22ko1ZgkGR9\nCjLrqo71ZTokTAXW8Nza5o/f7e7uftbN72SAimF4EXtZREPQ3i3ot2u+dK8S4l0t\nm5hrWvmg8QKBgHm6Ifc6rEMFBdKVSUR+i7uEUhxjxSMUNgW0nrVgG3DZvwSw5Snk\nOoXBoVFTY/5cTCxGsdx5hnnT0UjvtcPhFtw5h+zvcbexOyNn4Rzez2aU9L4oYLu4\nExvwEDy+IvW2QIx6TBsceNU18fzQMYK8nuAUdizg42hGXkhv2T7m7na7AoGAPhPd\npinWxNJ6MC3V4S1IhBCtkvaejYDD4/z/wA48t4JM5qHjJfONBfuUnnAezXPg7jyv\nHmW6VI8XOHxKVYojUmayPGcihC3h58i2U47klWra+qdtWHvWB5dsKrBXDi5tOysq\nf6ln49iIvnfytxq8x/Hwf+FdIjqNBlATI6muHUECgYEA59SQwXgoASzajx5kfFBj\nSiFvcP8nXdyLEEM23Q31u75l89ORBPXiHuW8jOh5O2T+NjcXd7uQ/v8q+pVKB02B\ndDJDRbU7lPyMQnC2QhrVGt0/E3O6oAHeQAaN22Z+2n2hms/x4ryr+WexapVNbB6T\nYNTlC8B03eEpVCMFQwNOv+o=\n-----END PRIVATE KEY-----\n","FIREBASE_CONFIG":"{\"projectId\":\"aero-racehub\",\"storageBucket\":\"aero-racehub.firebasestorage.app\"}","GCLOUD_PROJECT":"aero-racehub","EVENTARC_CLOUD_EVENT_SOURCE":"projects/aero-racehub/locations/us-central1/services/api","FUNCTION_TARGET":"api","LOG_EXECUTION_ID":"true"},"ingressSettings":"ALLOW_ALL","serviceAccountEmail":"559802171394-compute@developer.gserviceaccount.com","availableMemory":"256Mi","maxInstanceRequestConcurrency":80,"availableCpu":"1"},"labels":{"deployment-tool":"cli-firebase","firebase-functions-hash":"84ed852f2823feaf5ca985ae4ec3b4c8a97cbf0b"},"environment":"GEN_2"},"stages":[{"name":"BUILD","message":"Build in progress","state":"IN_PROGRESS","resource":"projects/559802171394/locations/us-central1/builds/8ca82835-fc9e-49c5-8e16-2354415f0fc2","resourceUri":"https://console.cloud.google.com/cloud-build/builds;region=us-central1/8ca82835-fc9e-49c5-8e16-2354415f0fc2?project=559802171394"},{"name":"SERVICE","state":"NOT_STARTED"}],"operationType":"CREATE_FUNCTION","buildName":"projects/559802171394/locations/us-central1/builds/8ca82835-fc9e-49c5-8e16-2354415f0fc2"},"done":false}
[debug] [2025-04-28T00:31:11.984Z] [create-default-us-central1-api] Retrying task index 0
[debug] [2025-04-28T00:31:11.984Z] Checked if tokens are valid: true, expires at: 1745801445363
[debug] [2025-04-28T00:31:11.984Z] Checked if tokens are valid: true, expires at: 1745801445363
[debug] [2025-04-28T00:31:11.984Z] >>> [apiv2][query] GET https://cloudfunctions.googleapis.com/v2/projects/aero-racehub/locations/us-central1/operations/operation-1745800265864-633cbccb2169e-ac0b5560-b8983aa9 [none]
[debug] [2025-04-28T00:31:13.245Z] <<< [apiv2][status] GET https://cloudfunctions.googleapis.com/v2/projects/aero-racehub/locations/us-central1/operations/operation-1745800265864-633cbccb2169e-ac0b5560-b8983aa9 200
[debug] [2025-04-28T00:31:13.245Z] <<< [apiv2][body] GET https://cloudfunctions.googleapis.com/v2/projects/aero-racehub/locations/us-central1/operations/operation-1745800265864-633cbccb2169e-ac0b5560-b8983aa9 {"name":"projects/aero-racehub/locations/us-central1/operations/operation-1745800265864-633cbccb2169e-ac0b5560-b8983aa9","metadata":{"@type":"type.googleapis.com/google.cloud.functions.v2.OperationMetadata","createTime":"2025-04-28T00:31:07.027353242Z","target":"projects/aero-racehub/locations/us-central1/functions/api","verb":"create","cancelRequested":false,"apiVersion":"v2","requestResource":{"@type":"type.googleapis.com/google.cloud.functions.v2.Function","name":"projects/aero-racehub/locations/us-central1/functions/api","buildConfig":{"runtime":"nodejs20","entryPoint":"api","source":{"storageSource":{"bucket":"gcf-v2-sources-559802171394-us-central1","object":"api/function-source.zip","generation":"1745800266772053"}},"environmentVariables":{"GOOGLE_NODE_RUN_SCRIPTS":""},"serviceAccount":"projects/aero-racehub/serviceAccounts/559802171394-compute@developer.gserviceaccount.com","automaticUpdatePolicy":{}},"serviceConfig":{"service":"projects/aero-racehub/locations/us-central1/services/api","timeoutSeconds":60,"environmentVariables":{"NEST_DEBUG":"true","API_ENVIRONMENT":"local","API_RUN_ON_FIREBASE_FUNCTIONS":"true","APP_UI_URL":"http://localhost:4200","DATABASE_URL":"mongodb+srv://carlmarkcarambas:6V3TBg2g3jsQwzRt@aerocluster.xjv3p1p.mongodb.net/aero?retryWrites=true&w=majority&appName=AeroCluster","API_FIREBASE_PROJECT_ID":"aero-racehub","API_FIREBASE_CLIENT_EMAIL":"firebase-adminsdk-fbsvc@aero-racehub.iam.gserviceaccount.com","API_FIREBASE_PRIVATE_KEY":"-----BEGIN PRIVATE KEY-----\nMIIEvQIBADANBgkqhkiG9w0BAQEFAASCBKcwggSjAgEAAoIBAQCwphlJSyA1EoMQ\nKFD+Yu0eRqFs9stDGM48UwpuHO6a7lyC5xWp/CdQj5et1BEFJT5l6vxaq6Axposr\na9XZWaVu0HqghVvHql2UgiaXcuVGZutIvri2KB2wCAyHw8nYuc0uDsU+hvo5SuyU\nvL3ey984wHr8dmxUBk4qWlrb5MHpM5VYj9BkfCZEF1GwSEo5/TCc4TzLufY9c92C\naYI8aMLTRQVpOJ9YzRB88MpszrDpuPB18sUqjIzFSaK3IOSxy+4T5nMUHBSmqnva\ny+SbabUslmSaJVQa9nvVGKHVbPuYT6WZB0Epb8eJjfuUzeXMA2rCDCZvUIYKClqn\nqoysUdljAgMBAAECggEARaMdCcc7aaCkGT0DfN0rw8ktPuLli0xelOpZjMIMD/iS\ncKo/YJT+PKR2s3iLwx8FA7GIjQfmbVxNta7bjUTpUg+On/Qik8ol/PL32rFZEBFn\nhHRnJawX0/rAUc8NpcnNSHBbMoSMZQST0ii7ovZ0x48djKP0nYUk0E5xTglWpiLe\nHkDCaDpcBzBU55RPp+spfA1IULZdbKKrmbH2JWrLPspfzG/XtWTdX+BX39zAW5Ui\ny0JQBddEWvzxAxxQvVfLjQ/12gWZ+oeF+uABgYAgqKWgr3yS330vna06tA/QArEM\nfKCPNqZFSLvB8133rHgTAoVo5xjTBNamtXeepHMCEQKBgQDxpq5ZAudsbQj8A9hX\neDRf4Jdfrp7RtU0uGwkUnC6wjHLo7fww3UFU68Li4yPg1D7Q6dymAQfth/AIEonr\nMYirCWhLTpjdrZdlfcZL8npsdR555O2ZafjRxNWYxlPLT0bH+urlNm21YGPmTYw3\nehOP9SFQ6UIZziiED3224FFfkwKBgQC7I1LIRazNSSNPjkXLMEyyuDBGg58Ep7Mv\ncTr7+P2qW1X466AxQOUHTtUdHijzRFN9Z6P/riUktZN4w5nndyGjI22ko1ZgkGR9\nCjLrqo71ZTokTAXW8Nza5o/f7e7uftbN72SAimF4EXtZREPQ3i3ot2u+dK8S4l0t\nm5hrWvmg8QKBgHm6Ifc6rEMFBdKVSUR+i7uEUhxjxSMUNgW0nrVgG3DZvwSw5Snk\nOoXBoVFTY/5cTCxGsdx5hnnT0UjvtcPhFtw5h+zvcbexOyNn4Rzez2aU9L4oYLu4\nExvwEDy+IvW2QIx6TBsceNU18fzQMYK8nuAUdizg42hGXkhv2T7m7na7AoGAPhPd\npinWxNJ6MC3V4S1IhBCtkvaejYDD4/z/wA48t4JM5qHjJfONBfuUnnAezXPg7jyv\nHmW6VI8XOHxKVYojUmayPGcihC3h58i2U47klWra+qdtWHvWB5dsKrBXDi5tOysq\nf6ln49iIvnfytxq8x/Hwf+FdIjqNBlATI6muHUECgYEA59SQwXgoASzajx5kfFBj\nSiFvcP8nXdyLEEM23Q31u75l89ORBPXiHuW8jOh5O2T+NjcXd7uQ/v8q+pVKB02B\ndDJDRbU7lPyMQnC2QhrVGt0/E3O6oAHeQAaN22Z+2n2hms/x4ryr+WexapVNbB6T\nYNTlC8B03eEpVCMFQwNOv+o=\n-----END PRIVATE KEY-----\n","FIREBASE_CONFIG":"{\"projectId\":\"aero-racehub\",\"storageBucket\":\"aero-racehub.firebasestorage.app\"}","GCLOUD_PROJECT":"aero-racehub","EVENTARC_CLOUD_EVENT_SOURCE":"projects/aero-racehub/locations/us-central1/services/api","FUNCTION_TARGET":"api","LOG_EXECUTION_ID":"true"},"ingressSettings":"ALLOW_ALL","serviceAccountEmail":"559802171394-compute@developer.gserviceaccount.com","availableMemory":"256Mi","maxInstanceRequestConcurrency":80,"availableCpu":"1"},"labels":{"deployment-tool":"cli-firebase","firebase-functions-hash":"84ed852f2823feaf5ca985ae4ec3b4c8a97cbf0b"},"environment":"GEN_2"},"stages":[{"name":"BUILD","message":"Build in progress","state":"IN_PROGRESS","resource":"projects/559802171394/locations/us-central1/builds/8ca82835-fc9e-49c5-8e16-2354415f0fc2","resourceUri":"https://console.cloud.google.com/cloud-build/builds;region=us-central1/8ca82835-fc9e-49c5-8e16-2354415f0fc2?project=559802171394"},{"name":"SERVICE","state":"NOT_STARTED"}],"operationType":"CREATE_FUNCTION","buildName":"projects/559802171394/locations/us-central1/builds/8ca82835-fc9e-49c5-8e16-2354415f0fc2"},"done":false}
[debug] [2025-04-28T00:31:15.247Z] [create-default-us-central1-api] Retrying task index 0
[debug] [2025-04-28T00:31:15.248Z] Checked if tokens are valid: true, expires at: 1745801445363
[debug] [2025-04-28T00:31:15.248Z] Checked if tokens are valid: true, expires at: 1745801445363
[debug] [2025-04-28T00:31:15.248Z] >>> [apiv2][query] GET https://cloudfunctions.googleapis.com/v2/projects/aero-racehub/locations/us-central1/operations/operation-1745800265864-633cbccb2169e-ac0b5560-b8983aa9 [none]
[debug] [2025-04-28T00:31:16.497Z] <<< [apiv2][status] GET https://cloudfunctions.googleapis.com/v2/projects/aero-racehub/locations/us-central1/operations/operation-1745800265864-633cbccb2169e-ac0b5560-b8983aa9 200
[debug] [2025-04-28T00:31:16.497Z] <<< [apiv2][body] GET https://cloudfunctions.googleapis.com/v2/projects/aero-racehub/locations/us-central1/operations/operation-1745800265864-633cbccb2169e-ac0b5560-b8983aa9 {"name":"projects/aero-racehub/locations/us-central1/operations/operation-1745800265864-633cbccb2169e-ac0b5560-b8983aa9","metadata":{"@type":"type.googleapis.com/google.cloud.functions.v2.OperationMetadata","createTime":"2025-04-28T00:31:07.027353242Z","target":"projects/aero-racehub/locations/us-central1/functions/api","verb":"create","cancelRequested":false,"apiVersion":"v2","requestResource":{"@type":"type.googleapis.com/google.cloud.functions.v2.Function","name":"projects/aero-racehub/locations/us-central1/functions/api","buildConfig":{"runtime":"nodejs20","entryPoint":"api","source":{"storageSource":{"bucket":"gcf-v2-sources-559802171394-us-central1","object":"api/function-source.zip","generation":"1745800266772053"}},"environmentVariables":{"GOOGLE_NODE_RUN_SCRIPTS":""},"serviceAccount":"projects/aero-racehub/serviceAccounts/559802171394-compute@developer.gserviceaccount.com","automaticUpdatePolicy":{}},"serviceConfig":{"service":"projects/aero-racehub/locations/us-central1/services/api","timeoutSeconds":60,"environmentVariables":{"NEST_DEBUG":"true","API_ENVIRONMENT":"local","API_RUN_ON_FIREBASE_FUNCTIONS":"true","APP_UI_URL":"http://localhost:4200","DATABASE_URL":"mongodb+srv://carlmarkcarambas:6V3TBg2g3jsQwzRt@aerocluster.xjv3p1p.mongodb.net/aero?retryWrites=true&w=majority&appName=AeroCluster","API_FIREBASE_PROJECT_ID":"aero-racehub","API_FIREBASE_CLIENT_EMAIL":"firebase-adminsdk-fbsvc@aero-racehub.iam.gserviceaccount.com","API_FIREBASE_PRIVATE_KEY":"-----BEGIN PRIVATE KEY-----\nMIIEvQIBADANBgkqhkiG9w0BAQEFAASCBKcwggSjAgEAAoIBAQCwphlJSyA1EoMQ\nKFD+Yu0eRqFs9stDGM48UwpuHO6a7lyC5xWp/CdQj5et1BEFJT5l6vxaq6Axposr\na9XZWaVu0HqghVvHql2UgiaXcuVGZutIvri2KB2wCAyHw8nYuc0uDsU+hvo5SuyU\nvL3ey984wHr8dmxUBk4qWlrb5MHpM5VYj9BkfCZEF1GwSEo5/TCc4TzLufY9c92C\naYI8aMLTRQVpOJ9YzRB88MpszrDpuPB18sUqjIzFSaK3IOSxy+4T5nMUHBSmqnva\ny+SbabUslmSaJVQa9nvVGKHVbPuYT6WZB0Epb8eJjfuUzeXMA2rCDCZvUIYKClqn\nqoysUdljAgMBAAECggEARaMdCcc7aaCkGT0DfN0rw8ktPuLli0xelOpZjMIMD/iS\ncKo/YJT+PKR2s3iLwx8FA7GIjQfmbVxNta7bjUTpUg+On/Qik8ol/PL32rFZEBFn\nhHRnJawX0/rAUc8NpcnNSHBbMoSMZQST0ii7ovZ0x48djKP0nYUk0E5xTglWpiLe\nHkDCaDpcBzBU55RPp+spfA1IULZdbKKrmbH2JWrLPspfzG/XtWTdX+BX39zAW5Ui\ny0JQBddEWvzxAxxQvVfLjQ/12gWZ+oeF+uABgYAgqKWgr3yS330vna06tA/QArEM\nfKCPNqZFSLvB8133rHgTAoVo5xjTBNamtXeepHMCEQKBgQDxpq5ZAudsbQj8A9hX\neDRf4Jdfrp7RtU0uGwkUnC6wjHLo7fww3UFU68Li4yPg1D7Q6dymAQfth/AIEonr\nMYirCWhLTpjdrZdlfcZL8npsdR555O2ZafjRxNWYxlPLT0bH+urlNm21YGPmTYw3\nehOP9SFQ6UIZziiED3224FFfkwKBgQC7I1LIRazNSSNPjkXLMEyyuDBGg58Ep7Mv\ncTr7+P2qW1X466AxQOUHTtUdHijzRFN9Z6P/riUktZN4w5nndyGjI22ko1ZgkGR9\nCjLrqo71ZTokTAXW8Nza5o/f7e7uftbN72SAimF4EXtZREPQ3i3ot2u+dK8S4l0t\nm5hrWvmg8QKBgHm6Ifc6rEMFBdKVSUR+i7uEUhxjxSMUNgW0nrVgG3DZvwSw5Snk\nOoXBoVFTY/5cTCxGsdx5hnnT0UjvtcPhFtw5h+zvcbexOyNn4Rzez2aU9L4oYLu4\nExvwEDy+IvW2QIx6TBsceNU18fzQMYK8nuAUdizg42hGXkhv2T7m7na7AoGAPhPd\npinWxNJ6MC3V4S1IhBCtkvaejYDD4/z/wA48t4JM5qHjJfONBfuUnnAezXPg7jyv\nHmW6VI8XOHxKVYojUmayPGcihC3h58i2U47klWra+qdtWHvWB5dsKrBXDi5tOysq\nf6ln49iIvnfytxq8x/Hwf+FdIjqNBlATI6muHUECgYEA59SQwXgoASzajx5kfFBj\nSiFvcP8nXdyLEEM23Q31u75l89ORBPXiHuW8jOh5O2T+NjcXd7uQ/v8q+pVKB02B\ndDJDRbU7lPyMQnC2QhrVGt0/E3O6oAHeQAaN22Z+2n2hms/x4ryr+WexapVNbB6T\nYNTlC8B03eEpVCMFQwNOv+o=\n-----END PRIVATE KEY-----\n","FIREBASE_CONFIG":"{\"projectId\":\"aero-racehub\",\"storageBucket\":\"aero-racehub.firebasestorage.app\"}","GCLOUD_PROJECT":"aero-racehub","EVENTARC_CLOUD_EVENT_SOURCE":"projects/aero-racehub/locations/us-central1/services/api","FUNCTION_TARGET":"api","LOG_EXECUTION_ID":"true"},"ingressSettings":"ALLOW_ALL","serviceAccountEmail":"559802171394-compute@developer.gserviceaccount.com","availableMemory":"256Mi","maxInstanceRequestConcurrency":80,"availableCpu":"1"},"labels":{"deployment-tool":"cli-firebase","firebase-functions-hash":"84ed852f2823feaf5ca985ae4ec3b4c8a97cbf0b"},"environment":"GEN_2"},"stages":[{"name":"BUILD","message":"Build in progress","state":"IN_PROGRESS","resource":"projects/559802171394/locations/us-central1/builds/8ca82835-fc9e-49c5-8e16-2354415f0fc2","resourceUri":"https://console.cloud.google.com/cloud-build/builds;region=us-central1/8ca82835-fc9e-49c5-8e16-2354415f0fc2?project=559802171394"},{"name":"SERVICE","state":"NOT_STARTED"}],"operationType":"CREATE_FUNCTION","buildName":"projects/559802171394/locations/us-central1/builds/8ca82835-fc9e-49c5-8e16-2354415f0fc2"},"done":false}
[debug] [2025-04-28T00:31:20.498Z] [create-default-us-central1-api] Retrying task index 0
[debug] [2025-04-28T00:31:20.498Z] Checked if tokens are valid: true, expires at: 1745801445363
[debug] [2025-04-28T00:31:20.498Z] Checked if tokens are valid: true, expires at: 1745801445363
[debug] [2025-04-28T00:31:20.498Z] >>> [apiv2][query] GET https://cloudfunctions.googleapis.com/v2/projects/aero-racehub/locations/us-central1/operations/operation-1745800265864-633cbccb2169e-ac0b5560-b8983aa9 [none]
[debug] [2025-04-28T00:31:21.769Z] <<< [apiv2][status] GET https://cloudfunctions.googleapis.com/v2/projects/aero-racehub/locations/us-central1/operations/operation-1745800265864-633cbccb2169e-ac0b5560-b8983aa9 200
[debug] [2025-04-28T00:31:21.769Z] <<< [apiv2][body] GET https://cloudfunctions.googleapis.com/v2/projects/aero-racehub/locations/us-central1/operations/operation-1745800265864-633cbccb2169e-ac0b5560-b8983aa9 {"name":"projects/aero-racehub/locations/us-central1/operations/operation-1745800265864-633cbccb2169e-ac0b5560-b8983aa9","metadata":{"@type":"type.googleapis.com/google.cloud.functions.v2.OperationMetadata","createTime":"2025-04-28T00:31:07.027353242Z","target":"projects/aero-racehub/locations/us-central1/functions/api","verb":"create","cancelRequested":false,"apiVersion":"v2","requestResource":{"@type":"type.googleapis.com/google.cloud.functions.v2.Function","name":"projects/aero-racehub/locations/us-central1/functions/api","buildConfig":{"runtime":"nodejs20","entryPoint":"api","source":{"storageSource":{"bucket":"gcf-v2-sources-559802171394-us-central1","object":"api/function-source.zip","generation":"1745800266772053"}},"environmentVariables":{"GOOGLE_NODE_RUN_SCRIPTS":""},"serviceAccount":"projects/aero-racehub/serviceAccounts/559802171394-compute@developer.gserviceaccount.com","automaticUpdatePolicy":{}},"serviceConfig":{"service":"projects/aero-racehub/locations/us-central1/services/api","timeoutSeconds":60,"environmentVariables":{"NEST_DEBUG":"true","API_ENVIRONMENT":"local","API_RUN_ON_FIREBASE_FUNCTIONS":"true","APP_UI_URL":"http://localhost:4200","DATABASE_URL":"mongodb+srv://carlmarkcarambas:6V3TBg2g3jsQwzRt@aerocluster.xjv3p1p.mongodb.net/aero?retryWrites=true&w=majority&appName=AeroCluster","API_FIREBASE_PROJECT_ID":"aero-racehub","API_FIREBASE_CLIENT_EMAIL":"firebase-adminsdk-fbsvc@aero-racehub.iam.gserviceaccount.com","API_FIREBASE_PRIVATE_KEY":"-----BEGIN PRIVATE KEY-----\nMIIEvQIBADANBgkqhkiG9w0BAQEFAASCBKcwggSjAgEAAoIBAQCwphlJSyA1EoMQ\nKFD+Yu0eRqFs9stDGM48UwpuHO6a7lyC5xWp/CdQj5et1BEFJT5l6vxaq6Axposr\na9XZWaVu0HqghVvHql2UgiaXcuVGZutIvri2KB2wCAyHw8nYuc0uDsU+hvo5SuyU\nvL3ey984wHr8dmxUBk4qWlrb5MHpM5VYj9BkfCZEF1GwSEo5/TCc4TzLufY9c92C\naYI8aMLTRQVpOJ9YzRB88MpszrDpuPB18sUqjIzFSaK3IOSxy+4T5nMUHBSmqnva\ny+SbabUslmSaJVQa9nvVGKHVbPuYT6WZB0Epb8eJjfuUzeXMA2rCDCZvUIYKClqn\nqoysUdljAgMBAAECggEARaMdCcc7aaCkGT0DfN0rw8ktPuLli0xelOpZjMIMD/iS\ncKo/YJT+PKR2s3iLwx8FA7GIjQfmbVxNta7bjUTpUg+On/Qik8ol/PL32rFZEBFn\nhHRnJawX0/rAUc8NpcnNSHBbMoSMZQST0ii7ovZ0x48djKP0nYUk0E5xTglWpiLe\nHkDCaDpcBzBU55RPp+spfA1IULZdbKKrmbH2JWrLPspfzG/XtWTdX+BX39zAW5Ui\ny0JQBddEWvzxAxxQvVfLjQ/12gWZ+oeF+uABgYAgqKWgr3yS330vna06tA/QArEM\nfKCPNqZFSLvB8133rHgTAoVo5xjTBNamtXeepHMCEQKBgQDxpq5ZAudsbQj8A9hX\neDRf4Jdfrp7RtU0uGwkUnC6wjHLo7fww3UFU68Li4yPg1D7Q6dymAQfth/AIEonr\nMYirCWhLTpjdrZdlfcZL8npsdR555O2ZafjRxNWYxlPLT0bH+urlNm21YGPmTYw3\nehOP9SFQ6UIZziiED3224FFfkwKBgQC7I1LIRazNSSNPjkXLMEyyuDBGg58Ep7Mv\ncTr7+P2qW1X466AxQOUHTtUdHijzRFN9Z6P/riUktZN4w5nndyGjI22ko1ZgkGR9\nCjLrqo71ZTokTAXW8Nza5o/f7e7uftbN72SAimF4EXtZREPQ3i3ot2u+dK8S4l0t\nm5hrWvmg8QKBgHm6Ifc6rEMFBdKVSUR+i7uEUhxjxSMUNgW0nrVgG3DZvwSw5Snk\nOoXBoVFTY/5cTCxGsdx5hnnT0UjvtcPhFtw5h+zvcbexOyNn4Rzez2aU9L4oYLu4\nExvwEDy+IvW2QIx6TBsceNU18fzQMYK8nuAUdizg42hGXkhv2T7m7na7AoGAPhPd\npinWxNJ6MC3V4S1IhBCtkvaejYDD4/z/wA48t4JM5qHjJfONBfuUnnAezXPg7jyv\nHmW6VI8XOHxKVYojUmayPGcihC3h58i2U47klWra+qdtWHvWB5dsKrBXDi5tOysq\nf6ln49iIvnfytxq8x/Hwf+FdIjqNBlATI6muHUECgYEA59SQwXgoASzajx5kfFBj\nSiFvcP8nXdyLEEM23Q31u75l89ORBPXiHuW8jOh5O2T+NjcXd7uQ/v8q+pVKB02B\ndDJDRbU7lPyMQnC2QhrVGt0/E3O6oAHeQAaN22Z+2n2hms/x4ryr+WexapVNbB6T\nYNTlC8B03eEpVCMFQwNOv+o=\n-----END PRIVATE KEY-----\n","FIREBASE_CONFIG":"{\"projectId\":\"aero-racehub\",\"storageBucket\":\"aero-racehub.firebasestorage.app\"}","GCLOUD_PROJECT":"aero-racehub","EVENTARC_CLOUD_EVENT_SOURCE":"projects/aero-racehub/locations/us-central1/services/api","FUNCTION_TARGET":"api","LOG_EXECUTION_ID":"true"},"ingressSettings":"ALLOW_ALL","serviceAccountEmail":"559802171394-compute@developer.gserviceaccount.com","availableMemory":"256Mi","maxInstanceRequestConcurrency":80,"availableCpu":"1"},"labels":{"deployment-tool":"cli-firebase","firebase-functions-hash":"84ed852f2823feaf5ca985ae4ec3b4c8a97cbf0b"},"environment":"GEN_2"},"stages":[{"name":"BUILD","message":"Build in progress","state":"IN_PROGRESS","resource":"projects/559802171394/locations/us-central1/builds/8ca82835-fc9e-49c5-8e16-2354415f0fc2","resourceUri":"https://console.cloud.google.com/cloud-build/builds;region=us-central1/8ca82835-fc9e-49c5-8e16-2354415f0fc2?project=559802171394"},{"name":"SERVICE","state":"NOT_STARTED"}],"operationType":"CREATE_FUNCTION","buildName":"projects/559802171394/locations/us-central1/builds/8ca82835-fc9e-49c5-8e16-2354415f0fc2"},"done":false}
[debug] [2025-04-28T00:31:29.770Z] [create-default-us-central1-api] Retrying task index 0
[debug] [2025-04-28T00:31:29.770Z] Checked if tokens are valid: true, expires at: 1745801445363
[debug] [2025-04-28T00:31:29.770Z] Checked if tokens are valid: true, expires at: 1745801445363
[debug] [2025-04-28T00:31:29.770Z] >>> [apiv2][query] GET https://cloudfunctions.googleapis.com/v2/projects/aero-racehub/locations/us-central1/operations/operation-1745800265864-633cbccb2169e-ac0b5560-b8983aa9 [none]
[debug] [2025-04-28T00:31:31.075Z] <<< [apiv2][status] GET https://cloudfunctions.googleapis.com/v2/projects/aero-racehub/locations/us-central1/operations/operation-1745800265864-633cbccb2169e-ac0b5560-b8983aa9 200
[debug] [2025-04-28T00:31:31.075Z] <<< [apiv2][body] GET https://cloudfunctions.googleapis.com/v2/projects/aero-racehub/locations/us-central1/operations/operation-1745800265864-633cbccb2169e-ac0b5560-b8983aa9 {"name":"projects/aero-racehub/locations/us-central1/operations/operation-1745800265864-633cbccb2169e-ac0b5560-b8983aa9","metadata":{"@type":"type.googleapis.com/google.cloud.functions.v2.OperationMetadata","createTime":"2025-04-28T00:31:07.027353242Z","target":"projects/aero-racehub/locations/us-central1/functions/api","verb":"create","cancelRequested":false,"apiVersion":"v2","requestResource":{"@type":"type.googleapis.com/google.cloud.functions.v2.Function","name":"projects/aero-racehub/locations/us-central1/functions/api","buildConfig":{"runtime":"nodejs20","entryPoint":"api","source":{"storageSource":{"bucket":"gcf-v2-sources-559802171394-us-central1","object":"api/function-source.zip","generation":"1745800266772053"}},"environmentVariables":{"GOOGLE_NODE_RUN_SCRIPTS":""},"serviceAccount":"projects/aero-racehub/serviceAccounts/559802171394-compute@developer.gserviceaccount.com","automaticUpdatePolicy":{}},"serviceConfig":{"service":"projects/aero-racehub/locations/us-central1/services/api","timeoutSeconds":60,"environmentVariables":{"NEST_DEBUG":"true","API_ENVIRONMENT":"local","API_RUN_ON_FIREBASE_FUNCTIONS":"true","APP_UI_URL":"http://localhost:4200","DATABASE_URL":"mongodb+srv://carlmarkcarambas:6V3TBg2g3jsQwzRt@aerocluster.xjv3p1p.mongodb.net/aero?retryWrites=true&w=majority&appName=AeroCluster","API_FIREBASE_PROJECT_ID":"aero-racehub","API_FIREBASE_CLIENT_EMAIL":"firebase-adminsdk-fbsvc@aero-racehub.iam.gserviceaccount.com","API_FIREBASE_PRIVATE_KEY":"-----BEGIN PRIVATE KEY-----\nMIIEvQIBADANBgkqhkiG9w0BAQEFAASCBKcwggSjAgEAAoIBAQCwphlJSyA1EoMQ\nKFD+Yu0eRqFs9stDGM48UwpuHO6a7lyC5xWp/CdQj5et1BEFJT5l6vxaq6Axposr\na9XZWaVu0HqghVvHql2UgiaXcuVGZutIvri2KB2wCAyHw8nYuc0uDsU+hvo5SuyU\nvL3ey984wHr8dmxUBk4qWlrb5MHpM5VYj9BkfCZEF1GwSEo5/TCc4TzLufY9c92C\naYI8aMLTRQVpOJ9YzRB88MpszrDpuPB18sUqjIzFSaK3IOSxy+4T5nMUHBSmqnva\ny+SbabUslmSaJVQa9nvVGKHVbPuYT6WZB0Epb8eJjfuUzeXMA2rCDCZvUIYKClqn\nqoysUdljAgMBAAECggEARaMdCcc7aaCkGT0DfN0rw8ktPuLli0xelOpZjMIMD/iS\ncKo/YJT+PKR2s3iLwx8FA7GIjQfmbVxNta7bjUTpUg+On/Qik8ol/PL32rFZEBFn\nhHRnJawX0/rAUc8NpcnNSHBbMoSMZQST0ii7ovZ0x48djKP0nYUk0E5xTglWpiLe\nHkDCaDpcBzBU55RPp+spfA1IULZdbKKrmbH2JWrLPspfzG/XtWTdX+BX39zAW5Ui\ny0JQBddEWvzxAxxQvVfLjQ/12gWZ+oeF+uABgYAgqKWgr3yS330vna06tA/QArEM\nfKCPNqZFSLvB8133rHgTAoVo5xjTBNamtXeepHMCEQKBgQDxpq5ZAudsbQj8A9hX\neDRf4Jdfrp7RtU0uGwkUnC6wjHLo7fww3UFU68Li4yPg1D7Q6dymAQfth/AIEonr\nMYirCWhLTpjdrZdlfcZL8npsdR555O2ZafjRxNWYxlPLT0bH+urlNm21YGPmTYw3\nehOP9SFQ6UIZziiED3224FFfkwKBgQC7I1LIRazNSSNPjkXLMEyyuDBGg58Ep7Mv\ncTr7+P2qW1X466AxQOUHTtUdHijzRFN9Z6P/riUktZN4w5nndyGjI22ko1ZgkGR9\nCjLrqo71ZTokTAXW8Nza5o/f7e7uftbN72SAimF4EXtZREPQ3i3ot2u+dK8S4l0t\nm5hrWvmg8QKBgHm6Ifc6rEMFBdKVSUR+i7uEUhxjxSMUNgW0nrVgG3DZvwSw5Snk\nOoXBoVFTY/5cTCxGsdx5hnnT0UjvtcPhFtw5h+zvcbexOyNn4Rzez2aU9L4oYLu4\nExvwEDy+IvW2QIx6TBsceNU18fzQMYK8nuAUdizg42hGXkhv2T7m7na7AoGAPhPd\npinWxNJ6MC3V4S1IhBCtkvaejYDD4/z/wA48t4JM5qHjJfONBfuUnnAezXPg7jyv\nHmW6VI8XOHxKVYojUmayPGcihC3h58i2U47klWra+qdtWHvWB5dsKrBXDi5tOysq\nf6ln49iIvnfytxq8x/Hwf+FdIjqNBlATI6muHUECgYEA59SQwXgoASzajx5kfFBj\nSiFvcP8nXdyLEEM23Q31u75l89ORBPXiHuW8jOh5O2T+NjcXd7uQ/v8q+pVKB02B\ndDJDRbU7lPyMQnC2QhrVGt0/E3O6oAHeQAaN22Z+2n2hms/x4ryr+WexapVNbB6T\nYNTlC8B03eEpVCMFQwNOv+o=\n-----END PRIVATE KEY-----\n","FIREBASE_CONFIG":"{\"projectId\":\"aero-racehub\",\"storageBucket\":\"aero-racehub.firebasestorage.app\"}","GCLOUD_PROJECT":"aero-racehub","EVENTARC_CLOUD_EVENT_SOURCE":"projects/aero-racehub/locations/us-central1/services/api","FUNCTION_TARGET":"api","LOG_EXECUTION_ID":"true"},"ingressSettings":"ALLOW_ALL","serviceAccountEmail":"559802171394-compute@developer.gserviceaccount.com","availableMemory":"256Mi","maxInstanceRequestConcurrency":80,"availableCpu":"1"},"labels":{"deployment-tool":"cli-firebase","firebase-functions-hash":"84ed852f2823feaf5ca985ae4ec3b4c8a97cbf0b"},"environment":"GEN_2"},"stages":[{"name":"BUILD","message":"Build in progress","state":"IN_PROGRESS","resource":"projects/559802171394/locations/us-central1/builds/8ca82835-fc9e-49c5-8e16-2354415f0fc2","resourceUri":"https://console.cloud.google.com/cloud-build/builds;region=us-central1/8ca82835-fc9e-49c5-8e16-2354415f0fc2?project=559802171394"},{"name":"SERVICE","state":"NOT_STARTED"}],"operationType":"CREATE_FUNCTION","buildName":"projects/559802171394/locations/us-central1/builds/8ca82835-fc9e-49c5-8e16-2354415f0fc2"},"done":false}
[debug] [2025-04-28T00:31:41.076Z] [create-default-us-central1-api] Retrying task index 0
[debug] [2025-04-28T00:31:41.077Z] Checked if tokens are valid: true, expires at: 1745801445363
[debug] [2025-04-28T00:31:41.077Z] Checked if tokens are valid: true, expires at: 1745801445363
[debug] [2025-04-28T00:31:41.077Z] >>> [apiv2][query] GET https://cloudfunctions.googleapis.com/v2/projects/aero-racehub/locations/us-central1/operations/operation-1745800265864-633cbccb2169e-ac0b5560-b8983aa9 [none]
[debug] [2025-04-28T00:31:42.421Z] <<< [apiv2][status] GET https://cloudfunctions.googleapis.com/v2/projects/aero-racehub/locations/us-central1/operations/operation-1745800265864-633cbccb2169e-ac0b5560-b8983aa9 200
[debug] [2025-04-28T00:31:42.421Z] <<< [apiv2][body] GET https://cloudfunctions.googleapis.com/v2/projects/aero-racehub/locations/us-central1/operations/operation-1745800265864-633cbccb2169e-ac0b5560-b8983aa9 {"name":"projects/aero-racehub/locations/us-central1/operations/operation-1745800265864-633cbccb2169e-ac0b5560-b8983aa9","metadata":{"@type":"type.googleapis.com/google.cloud.functions.v2.OperationMetadata","createTime":"2025-04-28T00:31:07.027353242Z","endTime":"2025-04-28T00:31:39.374100946Z","target":"projects/aero-racehub/locations/us-central1/functions/api","verb":"create","cancelRequested":false,"apiVersion":"v2","requestResource":{"@type":"type.googleapis.com/google.cloud.functions.v2.Function","name":"projects/aero-racehub/locations/us-central1/functions/api","buildConfig":{"runtime":"nodejs20","entryPoint":"api","source":{"storageSource":{"bucket":"gcf-v2-sources-559802171394-us-central1","object":"api/function-source.zip","generation":"1745800266772053"}},"environmentVariables":{"GOOGLE_NODE_RUN_SCRIPTS":""},"serviceAccount":"projects/aero-racehub/serviceAccounts/559802171394-compute@developer.gserviceaccount.com","automaticUpdatePolicy":{}},"serviceConfig":{"service":"projects/aero-racehub/locations/us-central1/services/api","timeoutSeconds":60,"environmentVariables":{"NEST_DEBUG":"true","API_ENVIRONMENT":"local","API_RUN_ON_FIREBASE_FUNCTIONS":"true","APP_UI_URL":"http://localhost:4200","DATABASE_URL":"mongodb+srv://carlmarkcarambas:6V3TBg2g3jsQwzRt@aerocluster.xjv3p1p.mongodb.net/aero?retryWrites=true&w=majority&appName=AeroCluster","API_FIREBASE_PROJECT_ID":"aero-racehub","API_FIREBASE_CLIENT_EMAIL":"firebase-adminsdk-fbsvc@aero-racehub.iam.gserviceaccount.com","API_FIREBASE_PRIVATE_KEY":"-----BEGIN PRIVATE KEY-----\nMIIEvQIBADANBgkqhkiG9w0BAQEFAASCBKcwggSjAgEAAoIBAQCwphlJSyA1EoMQ\nKFD+Yu0eRqFs9stDGM48UwpuHO6a7lyC5xWp/CdQj5et1BEFJT5l6vxaq6Axposr\na9XZWaVu0HqghVvHql2UgiaXcuVGZutIvri2KB2wCAyHw8nYuc0uDsU+hvo5SuyU\nvL3ey984wHr8dmxUBk4qWlrb5MHpM5VYj9BkfCZEF1GwSEo5/TCc4TzLufY9c92C\naYI8aMLTRQVpOJ9YzRB88MpszrDpuPB18sUqjIzFSaK3IOSxy+4T5nMUHBSmqnva\ny+SbabUslmSaJVQa9nvVGKHVbPuYT6WZB0Epb8eJjfuUzeXMA2rCDCZvUIYKClqn\nqoysUdljAgMBAAECggEARaMdCcc7aaCkGT0DfN0rw8ktPuLli0xelOpZjMIMD/iS\ncKo/YJT+PKR2s3iLwx8FA7GIjQfmbVxNta7bjUTpUg+On/Qik8ol/PL32rFZEBFn\nhHRnJawX0/rAUc8NpcnNSHBbMoSMZQST0ii7ovZ0x48djKP0nYUk0E5xTglWpiLe\nHkDCaDpcBzBU55RPp+spfA1IULZdbKKrmbH2JWrLPspfzG/XtWTdX+BX39zAW5Ui\ny0JQBddEWvzxAxxQvVfLjQ/12gWZ+oeF+uABgYAgqKWgr3yS330vna06tA/QArEM\nfKCPNqZFSLvB8133rHgTAoVo5xjTBNamtXeepHMCEQKBgQDxpq5ZAudsbQj8A9hX\neDRf4Jdfrp7RtU0uGwkUnC6wjHLo7fww3UFU68Li4yPg1D7Q6dymAQfth/AIEonr\nMYirCWhLTpjdrZdlfcZL8npsdR555O2ZafjRxNWYxlPLT0bH+urlNm21YGPmTYw3\nehOP9SFQ6UIZziiED3224FFfkwKBgQC7I1LIRazNSSNPjkXLMEyyuDBGg58Ep7Mv\ncTr7+P2qW1X466AxQOUHTtUdHijzRFN9Z6P/riUktZN4w5nndyGjI22ko1ZgkGR9\nCjLrqo71ZTokTAXW8Nza5o/f7e7uftbN72SAimF4EXtZREPQ3i3ot2u+dK8S4l0t\nm5hrWvmg8QKBgHm6Ifc6rEMFBdKVSUR+i7uEUhxjxSMUNgW0nrVgG3DZvwSw5Snk\nOoXBoVFTY/5cTCxGsdx5hnnT0UjvtcPhFtw5h+zvcbexOyNn4Rzez2aU9L4oYLu4\nExvwEDy+IvW2QIx6TBsceNU18fzQMYK8nuAUdizg42hGXkhv2T7m7na7AoGAPhPd\npinWxNJ6MC3V4S1IhBCtkvaejYDD4/z/wA48t4JM5qHjJfONBfuUnnAezXPg7jyv\nHmW6VI8XOHxKVYojUmayPGcihC3h58i2U47klWra+qdtWHvWB5dsKrBXDi5tOysq\nf6ln49iIvnfytxq8x/Hwf+FdIjqNBlATI6muHUECgYEA59SQwXgoASzajx5kfFBj\nSiFvcP8nXdyLEEM23Q31u75l89ORBPXiHuW8jOh5O2T+NjcXd7uQ/v8q+pVKB02B\ndDJDRbU7lPyMQnC2QhrVGt0/E3O6oAHeQAaN22Z+2n2hms/x4ryr+WexapVNbB6T\nYNTlC8B03eEpVCMFQwNOv+o=\n-----END PRIVATE KEY-----\n","FIREBASE_CONFIG":"{\"projectId\":\"aero-racehub\",\"storageBucket\":\"aero-racehub.firebasestorage.app\"}","GCLOUD_PROJECT":"aero-racehub","EVENTARC_CLOUD_EVENT_SOURCE":"projects/aero-racehub/locations/us-central1/services/api","FUNCTION_TARGET":"api","LOG_EXECUTION_ID":"true"},"ingressSettings":"ALLOW_ALL","serviceAccountEmail":"559802171394-compute@developer.gserviceaccount.com","availableMemory":"256Mi","maxInstanceRequestConcurrency":80,"availableCpu":"1"},"labels":{"deployment-tool":"cli-firebase","firebase-functions-hash":"84ed852f2823feaf5ca985ae4ec3b4c8a97cbf0b"},"environment":"GEN_2"},"stages":[{"name":"ARTIFACT_REGISTRY","message":"Deleting function artifacts in Artifact Registry","state":"COMPLETE"},{"name":"SERVICE","message":"Deleting Cloud Run service","state":"COMPLETE","resource":"projects/aero-racehub/locations/us-central1/services/api"}],"operationType":"CREATE_FUNCTION"},"done":true,"error":{"code":3,"message":"Build failed with status: FAILURE and message: npm error code EUSAGE\nnpm error\nnpm error `npm ci` can only install packages when your package.json and package-lock.json or npm-shrinkwrap.json are in sync. Please update your lock file with `npm install` before continuing.\nnpm error\nnpm error Missing: encodeurl@2.0.0 from lock file\nnpm error Missing: encodeurl@2.0.0 from lock file\nnpm error Missing: ms@2.1.3 from lock file\nnpm error Missing: encodeurl@2.0.0 from lock file\nnpm error Missing: encodeurl@2.0.0 from lock file\nnpm error Missing: encodeurl@2.0.0 from lock file\nnpm error Missing: ms@2.1.3 from lock file\nnpm error Missing: encodeurl@2.0.0 from lock file\nnpm error Missing: encodeurl@2.0.0 from lock file\nnpm error Missing: encodeurl@2.0.0 from lock file\nnpm error Missing: ms@2.1.3 from lock file\nnpm error Missing: encodeurl@2.0.0 from lock file\nnpm error\nnpm error Clean install a project\nnpm error\nnpm error Usage:\nnpm error npm ci\nnpm error\nnpm error Options:\nnpm error [--install-strategy <hoisted|nested|shallow|linked>] [--legacy-bundling]\nnpm error [--global-style] [--omit <dev|optional|peer> [--omit <dev|optional|peer> ...]]\nnpm error [--include <prod|dev|optional|peer> [--include <prod|dev|optional|peer> ...]]\nnpm error [--strict-peer-deps] [--foreground-scripts] [--ignore-scripts] [--no-audit]\nnpm error [--no-bin-links] [--no-fund] [--dry-run]\nnpm error [-w|--workspace <workspace-name> [-w|--workspace <workspace-name> ...]]\nnpm error [-ws|--workspaces] [--include-workspace-root] [--install-links]\nnpm error\nnpm error aliases: clean-install, ic, install-clean, isntall-clean\nnpm error\nnpm error Run \"npm help ci\" for more info\nnpm error A complete log of this run can be found in: /www-data-home/.npm/_logs/2025-04-28T00_31_29_660Z-debug-0.log. For more details see the logs at https://console.cloud.google.com/cloud-build/builds;region=us-central1/8ca82835-fc9e-49c5-8e16-2354415f0fc2?project=559802171394."}}
[debug] [2025-04-28T00:31:42.422Z] Got source token undefined for region us-central1
[error] Build failed with status: FAILURE and message: npm error code EUSAGE
npm error
npm error `npm ci` can only install packages when your package.json and package-lock.json or npm-shrinkwrap.json are in sync. Please update your lock file with `npm install` before continuing.
npm error
npm error Missing: encodeurl@2.0.0 from lock file
npm error Missing: encodeurl@2.0.0 from lock file
npm error Missing: ms@2.1.3 from lock file
npm error Missing: encodeurl@2.0.0 from lock file
npm error Missing: encodeurl@2.0.0 from lock file
npm error Missing: encodeurl@2.0.0 from lock file
npm error Missing: ms@2.1.3 from lock file
npm error Missing: encodeurl@2.0.0 from lock file
npm error Missing: encodeurl@2.0.0 from lock file
npm error Missing: encodeurl@2.0.0 from lock file
npm error Missing: ms@2.1.3 from lock file
npm error Missing: encodeurl@2.0.0 from lock file
npm error
npm error Clean install a project
npm error
npm error Usage:
npm error npm ci
npm error
npm error Options:
npm error [--install-strategy <hoisted|nested|shallow|linked>] [--legacy-bundling]
npm error [--global-style] [--omit <dev|optional|peer> [--omit <dev|optional|peer> ...]]
npm error [--include <prod|dev|optional|peer> [--include <prod|dev|optional|peer> ...]]
npm error [--strict-peer-deps] [--foreground-scripts] [--ignore-scripts] [--no-audit]
npm error [--no-bin-links] [--no-fund] [--dry-run]
npm error [-w|--workspace <workspace-name> [-w|--workspace <workspace-name> ...]]
npm error [-ws|--workspaces] [--include-workspace-root] [--install-links]
npm error
npm error aliases: clean-install, ic, install-clean, isntall-clean
npm error
npm error Run "npm help ci" for more info
npm error A complete log of this run can be found in: /www-data-home/.npm/_logs/2025-04-28T00_31_29_660Z-debug-0.log. For more details see the logs at https://console.cloud.google.com/cloud-build/builds;region=us-central1/8ca82835-fc9e-49c5-8e16-2354415f0fc2?project=559802171394.
[debug] [2025-04-28T00:31:42.426Z] Total Function Deployment time: 38039
[debug] [2025-04-28T00:31:42.426Z] 1 Functions Deployed
[debug] [2025-04-28T00:31:42.426Z] 1 Functions Errored
[debug] [2025-04-28T00:31:42.426Z] 0 Function Deployments Aborted
[debug] [2025-04-28T00:31:42.426Z] Average Function Deployment time: 38039
[info] 
[info] Functions deploy had errors with the following functions:
	api(us-central1)
[debug] [2025-04-28T00:31:42.512Z] Not printing URL for HTTPS function. Typically this means it didn't match a filter or we failed deployment
[debug] [2025-04-28T00:31:42.512Z] Checked if tokens are valid: true, expires at: 1745801445363
[debug] [2025-04-28T00:31:42.512Z] Checked if tokens are valid: true, expires at: 1745801445363
[debug] [2025-04-28T00:31:42.512Z] >>> [apiv2][query] GET https://artifactregistry.googleapis.com/v1/projects/aero-racehub/locations/us-central1/repositories/gcf-artifacts [none]
[debug] [2025-04-28T00:31:43.956Z] <<< [apiv2][status] GET https://artifactregistry.googleapis.com/v1/projects/aero-racehub/locations/us-central1/repositories/gcf-artifacts 200
[debug] [2025-04-28T00:31:43.957Z] <<< [apiv2][body] GET https://artifactregistry.googleapis.com/v1/projects/aero-racehub/locations/us-central1/repositories/gcf-artifacts {"name":"projects/aero-racehub/locations/us-central1/repositories/gcf-artifacts","format":"DOCKER","description":"This repository is created and used by Cloud Functions for storing function docker images.","labels":{"goog-managed-by":"cloudfunctions"},"createTime":"2025-04-25T09:00:15.583185Z","updateTime":"2025-04-26T13:21:53.756990Z","mode":"STANDARD_REPOSITORY","cleanupPolicies":{"firebase-functions-cleanup":{"id":"firebase-functions-cleanup","action":"DELETE","condition":{"tagState":"ANY","olderThan":"86400s"}}},"vulnerabilityScanningConfig":{"lastEnableTime":"2025-04-25T09:00:07.174530258Z","enablementState":"SCANNING_DISABLED","enablementStateReason":"API containerscanning.googleapis.com is not enabled."},"satisfiesPzi":true,"registryUri":"us-central1-docker.pkg.dev/aero-racehub/gcf-artifacts"}
[debug] [2025-04-28T00:31:43.957Z] Functions deploy failed.
[debug] [2025-04-28T00:31:43.957Z] {
  "endpoint": {
    "id": "api",
    "project": "aero-racehub",
    "region": "us-central1",
    "entryPoint": "api",
    "platform": "gcfv2",
    "runtime": "nodejs20",
    "httpsTrigger": {},
    "labels": {
      "deployment-tool": "cli-firebase"
    },
    "serviceAccount": null,
    "ingressSettings": null,
    "availableMemoryMb": null,
    "timeoutSeconds": null,
    "maxInstances": null,
    "minInstances": null,
    "concurrency": 80,
    "vpc": null,
    "environmentVariables": {
      "NEST_DEBUG": "true",
      "API_ENVIRONMENT": "local",
      "API_RUN_ON_FIREBASE_FUNCTIONS": "true",
      "APP_UI_URL": "http://localhost:4200",
      "DATABASE_URL": "mongodb+srv://carlmarkcarambas:6V3TBg2g3jsQwzRt@aerocluster.xjv3p1p.mongodb.net/aero?retryWrites=true&w=majority&appName=AeroCluster",
      "API_FIREBASE_PROJECT_ID": "aero-racehub",
      "API_FIREBASE_CLIENT_EMAIL": "firebase-adminsdk-fbsvc@aero-racehub.iam.gserviceaccount.com",
      "API_FIREBASE_PRIVATE_KEY": "-----BEGIN PRIVATE KEY-----\nMIIEvQIBADANBgkqhkiG9w0BAQEFAASCBKcwggSjAgEAAoIBAQCwphlJSyA1EoMQ\nKFD+Yu0eRqFs9stDGM48UwpuHO6a7lyC5xWp/CdQj5et1BEFJT5l6vxaq6Axposr\na9XZWaVu0HqghVvHql2UgiaXcuVGZutIvri2KB2wCAyHw8nYuc0uDsU+hvo5SuyU\nvL3ey984wHr8dmxUBk4qWlrb5MHpM5VYj9BkfCZEF1GwSEo5/TCc4TzLufY9c92C\naYI8aMLTRQVpOJ9YzRB88MpszrDpuPB18sUqjIzFSaK3IOSxy+4T5nMUHBSmqnva\ny+SbabUslmSaJVQa9nvVGKHVbPuYT6WZB0Epb8eJjfuUzeXMA2rCDCZvUIYKClqn\nqoysUdljAgMBAAECggEARaMdCcc7aaCkGT0DfN0rw8ktPuLli0xelOpZjMIMD/iS\ncKo/YJT+PKR2s3iLwx8FA7GIjQfmbVxNta7bjUTpUg+On/Qik8ol/PL32rFZEBFn\nhHRnJawX0/rAUc8NpcnNSHBbMoSMZQST0ii7ovZ0x48djKP0nYUk0E5xTglWpiLe\nHkDCaDpcBzBU55RPp+spfA1IULZdbKKrmbH2JWrLPspfzG/XtWTdX+BX39zAW5Ui\ny0JQBddEWvzxAxxQvVfLjQ/12gWZ+oeF+uABgYAgqKWgr3yS330vna06tA/QArEM\nfKCPNqZFSLvB8133rHgTAoVo5xjTBNamtXeepHMCEQKBgQDxpq5ZAudsbQj8A9hX\neDRf4Jdfrp7RtU0uGwkUnC6wjHLo7fww3UFU68Li4yPg1D7Q6dymAQfth/AIEonr\nMYirCWhLTpjdrZdlfcZL8npsdR555O2ZafjRxNWYxlPLT0bH+urlNm21YGPmTYw3\nehOP9SFQ6UIZziiED3224FFfkwKBgQC7I1LIRazNSSNPjkXLMEyyuDBGg58Ep7Mv\ncTr7+P2qW1X466AxQOUHTtUdHijzRFN9Z6P/riUktZN4w5nndyGjI22ko1ZgkGR9\nCjLrqo71ZTokTAXW8Nza5o/f7e7uftbN72SAimF4EXtZREPQ3i3ot2u+dK8S4l0t\nm5hrWvmg8QKBgHm6Ifc6rEMFBdKVSUR+i7uEUhxjxSMUNgW0nrVgG3DZvwSw5Snk\nOoXBoVFTY/5cTCxGsdx5hnnT0UjvtcPhFtw5h+zvcbexOyNn4Rzez2aU9L4oYLu4\nExvwEDy+IvW2QIx6TBsceNU18fzQMYK8nuAUdizg42hGXkhv2T7m7na7AoGAPhPd\npinWxNJ6MC3V4S1IhBCtkvaejYDD4/z/wA48t4JM5qHjJfONBfuUnnAezXPg7jyv\nHmW6VI8XOHxKVYojUmayPGcihC3h58i2U47klWra+qdtWHvWB5dsKrBXDi5tOysq\nf6ln49iIvnfytxq8x/Hwf+FdIjqNBlATI6muHUECgYEA59SQwXgoASzajx5kfFBj\nSiFvcP8nXdyLEEM23Q31u75l89ORBPXiHuW8jOh5O2T+NjcXd7uQ/v8q+pVKB02B\ndDJDRbU7lPyMQnC2QhrVGt0/E3O6oAHeQAaN22Z+2n2hms/x4ryr+WexapVNbB6T\nYNTlC8B03eEpVCMFQwNOv+o=\n-----END PRIVATE KEY-----\n",
      "FIREBASE_CONFIG": "{\"projectId\":\"aero-racehub\",\"storageBucket\":\"aero-racehub.firebasestorage.app\"}",
      "GCLOUD_PROJECT": "aero-racehub",
      "EVENTARC_CLOUD_EVENT_SOURCE": "projects/aero-racehub/locations/us-central1/services/api"
    },
    "codebase": "default",
    "cpu": 1,
    "targetedByOnly": false,
    "hash": "84ed852f2823feaf5ca985ae4ec3b4c8a97cbf0b"
  },
  "op": "create",
  "original": {
    "name": "FirebaseError",
    "children": [],
    "exit": 1,
    "message": "Build failed with status: FAILURE and message: npm error code EUSAGE\nnpm error\nnpm error `npm ci` can only install packages when your package.json and package-lock.json or npm-shrinkwrap.json are in sync. Please update your lock file with `npm install` before continuing.\nnpm error\nnpm error Missing: encodeurl@2.0.0 from lock file\nnpm error Missing: encodeurl@2.0.0 from lock file\nnpm error Missing: ms@2.1.3 from lock file\nnpm error Missing: encodeurl@2.0.0 from lock file\nnpm error Missing: encodeurl@2.0.0 from lock file\nnpm error Missing: encodeurl@2.0.0 from lock file\nnpm error Missing: ms@2.1.3 from lock file\nnpm error Missing: encodeurl@2.0.0 from lock file\nnpm error Missing: encodeurl@2.0.0 from lock file\nnpm error Missing: encodeurl@2.0.0 from lock file\nnpm error Missing: ms@2.1.3 from lock file\nnpm error Missing: encodeurl@2.0.0 from lock file\nnpm error\nnpm error Clean install a project\nnpm error\nnpm error Usage:\nnpm error npm ci\nnpm error\nnpm error Options:\nnpm error [--install-strategy <hoisted|nested|shallow|linked>] [--legacy-bundling]\nnpm error [--global-style] [--omit <dev|optional|peer> [--omit <dev|optional|peer> ...]]\nnpm error [--include <prod|dev|optional|peer> [--include <prod|dev|optional|peer> ...]]\nnpm error [--strict-peer-deps] [--foreground-scripts] [--ignore-scripts] [--no-audit]\nnpm error [--no-bin-links] [--no-fund] [--dry-run]\nnpm error [-w|--workspace <workspace-name> [-w|--workspace <workspace-name> ...]]\nnpm error [-ws|--workspaces] [--include-workspace-root] [--install-links]\nnpm error\nnpm error aliases: clean-install, ic, install-clean, isntall-clean\nnpm error\nnpm error Run \"npm help ci\" for more info\nnpm error A complete log of this run can be found in: /www-data-home/.npm/_logs/2025-04-28T00_31_29_660Z-debug-0.log. For more details see the logs at https://console.cloud.google.com/cloud-build/builds;region=us-central1/8ca82835-fc9e-49c5-8e16-2354415f0fc2?project=559802171394.",
    "original": {
      "code": 3,
      "message": "Build failed with status: FAILURE and message: npm error code EUSAGE\nnpm error\nnpm error `npm ci` can only install packages when your package.json and package-lock.json or npm-shrinkwrap.json are in sync. Please update your lock file with `npm install` before continuing.\nnpm error\nnpm error Missing: encodeurl@2.0.0 from lock file\nnpm error Missing: encodeurl@2.0.0 from lock file\nnpm error Missing: ms@2.1.3 from lock file\nnpm error Missing: encodeurl@2.0.0 from lock file\nnpm error Missing: encodeurl@2.0.0 from lock file\nnpm error Missing: encodeurl@2.0.0 from lock file\nnpm error Missing: ms@2.1.3 from lock file\nnpm error Missing: encodeurl@2.0.0 from lock file\nnpm error Missing: encodeurl@2.0.0 from lock file\nnpm error Missing: encodeurl@2.0.0 from lock file\nnpm error Missing: ms@2.1.3 from lock file\nnpm error Missing: encodeurl@2.0.0 from lock file\nnpm error\nnpm error Clean install a project\nnpm error\nnpm error Usage:\nnpm error npm ci\nnpm error\nnpm error Options:\nnpm error [--install-strategy <hoisted|nested|shallow|linked>] [--legacy-bundling]\nnpm error [--global-style] [--omit <dev|optional|peer> [--omit <dev|optional|peer> ...]]\nnpm error [--include <prod|dev|optional|peer> [--include <prod|dev|optional|peer> ...]]\nnpm error [--strict-peer-deps] [--foreground-scripts] [--ignore-scripts] [--no-audit]\nnpm error [--no-bin-links] [--no-fund] [--dry-run]\nnpm error [-w|--workspace <workspace-name> [-w|--workspace <workspace-name> ...]]\nnpm error [-ws|--workspaces] [--include-workspace-root] [--install-links]\nnpm error\nnpm error aliases: clean-install, ic, install-clean, isntall-clean\nnpm error\nnpm error Run \"npm help ci\" for more info\nnpm error A complete log of this run can be found in: /www-data-home/.npm/_logs/2025-04-28T00_31_29_660Z-debug-0.log. For more details see the logs at https://console.cloud.google.com/cloud-build/builds;region=us-central1/8ca82835-fc9e-49c5-8e16-2354415f0fc2?project=559802171394."
    },
    "status": 3,
    "code": 3
  }
}
[debug] [2025-04-28T00:31:43.996Z] Error: Failed to create function api in region us-central1
    at /Users/carlcarambas/.nvm/versions/node/v20.11.1/lib/node_modules/firebase-tools/lib/deploy/functions/release/fabricator.js:294:27
    at process.processTicksAndRejections (node:internal/process/task_queues:95:5)
    at async Fabricator.createV2Function (/Users/carlcarambas/.nvm/versions/node/v20.11.1/lib/node_modules/firebase-tools/lib/deploy/functions/release/fabricator.js:278:30)
    at async Fabricator.createEndpoint (/Users/carlcarambas/.nvm/versions/node/v20.11.1/lib/node_modules/firebase-tools/lib/deploy/functions/release/fabricator.js:137:13)
    at async handle (/Users/carlcarambas/.nvm/versions/node/v20.11.1/lib/node_modules/firebase-tools/lib/deploy/functions/release/fabricator.js:89:17)
[error] 
[error] Error: There was an error deploying functions
[debug] [2025-04-28T01:07:43.754Z] ----------------------------------------------------------------------
[debug] [2025-04-28T01:07:43.756Z] Command:       /Users/carlcarambas/.nvm/versions/node/v20.11.1/bin/node /Users/carlcarambas/.nvm/versions/node/v20.11.1/bin/firebase deploy --only functions --debug
[debug] [2025-04-28T01:07:43.756Z] CLI Version:   14.2.0
[debug] [2025-04-28T01:07:43.757Z] Platform:      darwin
[debug] [2025-04-28T01:07:43.757Z] Node Version:  v20.11.1
[debug] [2025-04-28T01:07:43.757Z] Time:          Mon Apr 28 2025 09:07:43 GMT+0800 (Philippine Standard Time)
[debug] [2025-04-28T01:07:43.758Z] ----------------------------------------------------------------------
[debug] 
[debug] [2025-04-28T01:07:43.915Z] > command requires scopes: ["email","openid","https://www.googleapis.com/auth/cloudplatformprojects.readonly","https://www.googleapis.com/auth/firebase","https://www.googleapis.com/auth/cloud-platform"]
[debug] [2025-04-28T01:07:43.917Z] > authorizing via signed-in user (carlmark.carambas@gmail.com)
[debug] [2025-04-28T01:07:43.917Z] [iam] checking project aero-racehub for permissions ["cloudfunctions.functions.create","cloudfunctions.functions.delete","cloudfunctions.functions.get","cloudfunctions.functions.list","cloudfunctions.functions.update","cloudfunctions.operations.get","firebase.projects.get"]
[debug] [2025-04-28T01:07:43.919Z] Checked if tokens are valid: true, expires at: 1745805681800
[debug] [2025-04-28T01:07:43.919Z] Checked if tokens are valid: true, expires at: 1745805681800
[debug] [2025-04-28T01:07:43.921Z] >>> [apiv2][query] POST https://cloudresourcemanager.googleapis.com/v1/projects/aero-racehub:testIamPermissions [none]
[debug] [2025-04-28T01:07:43.921Z] >>> [apiv2][(partial)header] POST https://cloudresourcemanager.googleapis.com/v1/projects/aero-racehub:testIamPermissions x-goog-quota-user=projects/aero-racehub
[debug] [2025-04-28T01:07:43.921Z] >>> [apiv2][body] POST https://cloudresourcemanager.googleapis.com/v1/projects/aero-racehub:testIamPermissions {"permissions":["cloudfunctions.functions.create","cloudfunctions.functions.delete","cloudfunctions.functions.get","cloudfunctions.functions.list","cloudfunctions.functions.update","cloudfunctions.operations.get","firebase.projects.get"]}
[debug] [2025-04-28T01:07:44.951Z] <<< [apiv2][status] POST https://cloudresourcemanager.googleapis.com/v1/projects/aero-racehub:testIamPermissions 200
[debug] [2025-04-28T01:07:44.952Z] <<< [apiv2][body] POST https://cloudresourcemanager.googleapis.com/v1/projects/aero-racehub:testIamPermissions {"permissions":["cloudfunctions.functions.create","cloudfunctions.functions.delete","cloudfunctions.functions.get","cloudfunctions.functions.list","cloudfunctions.functions.update","cloudfunctions.operations.get","firebase.projects.get"]}
[debug] [2025-04-28T01:07:44.952Z] Checked if tokens are valid: true, expires at: 1745805681800
[debug] [2025-04-28T01:07:44.953Z] Checked if tokens are valid: true, expires at: 1745805681800
[debug] [2025-04-28T01:07:44.953Z] >>> [apiv2][query] POST https://iam.googleapis.com/v1/projects/aero-racehub/serviceAccounts/aero-racehub@appspot.gserviceaccount.com:testIamPermissions [none]
[debug] [2025-04-28T01:07:44.953Z] >>> [apiv2][body] POST https://iam.googleapis.com/v1/projects/aero-racehub/serviceAccounts/aero-racehub@appspot.gserviceaccount.com:testIamPermissions {"permissions":["iam.serviceAccounts.actAs"]}
[debug] [2025-04-28T01:07:46.130Z] <<< [apiv2][status] POST https://iam.googleapis.com/v1/projects/aero-racehub/serviceAccounts/aero-racehub@appspot.gserviceaccount.com:testIamPermissions 200
[debug] [2025-04-28T01:07:46.131Z] <<< [apiv2][body] POST https://iam.googleapis.com/v1/projects/aero-racehub/serviceAccounts/aero-racehub@appspot.gserviceaccount.com:testIamPermissions {"permissions":["iam.serviceAccounts.actAs"]}
[info] 
[info] === Deploying to 'aero-racehub'...
[info] 
[info] i  deploying functions 
[debug] [2025-04-28T01:07:46.132Z] Checked if tokens are valid: true, expires at: 1745805681800
[debug] [2025-04-28T01:07:46.133Z] Checked if tokens are valid: true, expires at: 1745805681800
[debug] [2025-04-28T01:07:46.133Z] >>> [apiv2][query] GET https://cloudresourcemanager.googleapis.com/v1/projects/aero-racehub [none]
[debug] [2025-04-28T01:07:46.364Z] <<< [apiv2][status] GET https://cloudresourcemanager.googleapis.com/v1/projects/aero-racehub 200
[debug] [2025-04-28T01:07:46.364Z] <<< [apiv2][body] GET https://cloudresourcemanager.googleapis.com/v1/projects/aero-racehub {"projectNumber":"559802171394","projectId":"aero-racehub","lifecycleState":"ACTIVE","name":"aero-racehub","labels":{"firebase":"enabled","firebase-core":"disabled"},"createTime":"2025-04-19T07:51:30.153482Z"}
[info] i  functions: preparing codebase default for deployment 
[info] i  functions: ensuring required API cloudfunctions.googleapis.com is enabled... 
[debug] [2025-04-28T01:07:46.365Z] Checked if tokens are valid: true, expires at: 1745805681800
[debug] [2025-04-28T01:07:46.365Z] Checked if tokens are valid: true, expires at: 1745805681800
[debug] [2025-04-28T01:07:46.365Z] Checked if tokens are valid: true, expires at: 1745805681800
[debug] [2025-04-28T01:07:46.365Z] Checked if tokens are valid: true, expires at: 1745805681800
[info] i  functions: ensuring required API cloudbuild.googleapis.com is enabled... 
[debug] [2025-04-28T01:07:46.366Z] Checked if tokens are valid: true, expires at: 1745805681800
[debug] [2025-04-28T01:07:46.366Z] Checked if tokens are valid: true, expires at: 1745805681800
[info] i  artifactregistry: ensuring required API artifactregistry.googleapis.com is enabled... 
[debug] [2025-04-28T01:07:46.366Z] Checked if tokens are valid: true, expires at: 1745805681800
[debug] [2025-04-28T01:07:46.367Z] Checked if tokens are valid: true, expires at: 1745805681800
[debug] [2025-04-28T01:07:46.367Z] >>> [apiv2][query] GET https://serviceusage.googleapis.com/v1/projects/aero-racehub/services/cloudfunctions.googleapis.com [none]
[debug] [2025-04-28T01:07:46.367Z] >>> [apiv2][(partial)header] GET https://serviceusage.googleapis.com/v1/projects/aero-racehub/services/cloudfunctions.googleapis.com x-goog-quota-user=projects/aero-racehub
[debug] [2025-04-28T01:07:46.368Z] >>> [apiv2][query] GET https://serviceusage.googleapis.com/v1/projects/aero-racehub/services/runtimeconfig.googleapis.com [none]
[debug] [2025-04-28T01:07:46.368Z] >>> [apiv2][(partial)header] GET https://serviceusage.googleapis.com/v1/projects/aero-racehub/services/runtimeconfig.googleapis.com x-goog-quota-user=projects/aero-racehub
[debug] [2025-04-28T01:07:46.369Z] >>> [apiv2][query] GET https://serviceusage.googleapis.com/v1/projects/aero-racehub/services/cloudbuild.googleapis.com [none]
[debug] [2025-04-28T01:07:46.369Z] >>> [apiv2][(partial)header] GET https://serviceusage.googleapis.com/v1/projects/aero-racehub/services/cloudbuild.googleapis.com x-goog-quota-user=projects/aero-racehub
[debug] [2025-04-28T01:07:46.371Z] >>> [apiv2][query] GET https://serviceusage.googleapis.com/v1/projects/aero-racehub/services/artifactregistry.googleapis.com [none]
[debug] [2025-04-28T01:07:46.371Z] >>> [apiv2][(partial)header] GET https://serviceusage.googleapis.com/v1/projects/aero-racehub/services/artifactregistry.googleapis.com x-goog-quota-user=projects/aero-racehub
[debug] [2025-04-28T01:07:47.584Z] <<< [apiv2][status] GET https://serviceusage.googleapis.com/v1/projects/aero-racehub/services/cloudbuild.googleapis.com 200
[debug] [2025-04-28T01:07:47.584Z] <<< [apiv2][body] GET https://serviceusage.googleapis.com/v1/projects/aero-racehub/services/cloudbuild.googleapis.com [omitted]
[info] ✔  functions: required API cloudbuild.googleapis.com is enabled 
[debug] [2025-04-28T01:07:47.586Z] <<< [apiv2][status] GET https://serviceusage.googleapis.com/v1/projects/aero-racehub/services/artifactregistry.googleapis.com 200
[debug] [2025-04-28T01:07:47.587Z] <<< [apiv2][body] GET https://serviceusage.googleapis.com/v1/projects/aero-racehub/services/artifactregistry.googleapis.com [omitted]
[info] ✔  artifactregistry: required API artifactregistry.googleapis.com is enabled 
[debug] [2025-04-28T01:07:47.587Z] <<< [apiv2][status] GET https://serviceusage.googleapis.com/v1/projects/aero-racehub/services/runtimeconfig.googleapis.com 200
[debug] [2025-04-28T01:07:47.587Z] <<< [apiv2][body] GET https://serviceusage.googleapis.com/v1/projects/aero-racehub/services/runtimeconfig.googleapis.com [omitted]
[debug] [2025-04-28T01:07:47.710Z] <<< [apiv2][status] GET https://serviceusage.googleapis.com/v1/projects/aero-racehub/services/cloudfunctions.googleapis.com 200
[debug] [2025-04-28T01:07:47.711Z] <<< [apiv2][body] GET https://serviceusage.googleapis.com/v1/projects/aero-racehub/services/cloudfunctions.googleapis.com [omitted]
[info] ✔  functions: required API cloudfunctions.googleapis.com is enabled 
[debug] [2025-04-28T01:07:47.711Z] Checked if tokens are valid: true, expires at: 1745805681800
[debug] [2025-04-28T01:07:47.711Z] Checked if tokens are valid: true, expires at: 1745805681800
[debug] [2025-04-28T01:07:47.711Z] >>> [apiv2][query] GET https://firebase.googleapis.com/v1beta1/projects/aero-racehub/adminSdkConfig [none]
[debug] [2025-04-28T01:07:48.295Z] <<< [apiv2][status] GET https://firebase.googleapis.com/v1beta1/projects/aero-racehub/adminSdkConfig 200
[debug] [2025-04-28T01:07:48.295Z] <<< [apiv2][body] GET https://firebase.googleapis.com/v1beta1/projects/aero-racehub/adminSdkConfig {"projectId":"aero-racehub","storageBucket":"aero-racehub.firebasestorage.app"}
[debug] [2025-04-28T01:07:48.295Z] Checked if tokens are valid: true, expires at: 1745805681800
[debug] [2025-04-28T01:07:48.296Z] Checked if tokens are valid: true, expires at: 1745805681800
[debug] [2025-04-28T01:07:48.296Z] >>> [apiv2][query] GET https://runtimeconfig.googleapis.com/v1beta1/projects/aero-racehub/configs [none]
[debug] [2025-04-28T01:07:48.689Z] <<< [apiv2][status] GET https://runtimeconfig.googleapis.com/v1beta1/projects/aero-racehub/configs 200
[debug] [2025-04-28T01:07:48.690Z] <<< [apiv2][body] GET https://runtimeconfig.googleapis.com/v1beta1/projects/aero-racehub/configs {"configs":[{"name":"projects/aero-racehub/configs/mongodb"}]}
[debug] [2025-04-28T01:07:48.690Z] Checked if tokens are valid: true, expires at: 1745805681800
[debug] [2025-04-28T01:07:48.690Z] Checked if tokens are valid: true, expires at: 1745805681800
[debug] [2025-04-28T01:07:48.690Z] >>> [apiv2][query] GET https://runtimeconfig.googleapis.com/v1beta1/projects/aero-racehub/configs/mongodb/variables [none]
[debug] [2025-04-28T01:07:48.983Z] <<< [apiv2][status] GET https://runtimeconfig.googleapis.com/v1beta1/projects/aero-racehub/configs/mongodb/variables 200
[debug] [2025-04-28T01:07:48.984Z] <<< [apiv2][body] GET https://runtimeconfig.googleapis.com/v1beta1/projects/aero-racehub/configs/mongodb/variables {"variables":[{"name":"projects/aero-racehub/configs/mongodb/variables/uri","updateTime":"2025-04-23T13:58:58.352458690Z"}]}
[debug] [2025-04-28T01:07:48.984Z] Checked if tokens are valid: true, expires at: 1745805681800
[debug] [2025-04-28T01:07:48.984Z] Checked if tokens are valid: true, expires at: 1745805681800
[debug] [2025-04-28T01:07:48.984Z] >>> [apiv2][query] GET https://runtimeconfig.googleapis.com/v1beta1/projects/aero-racehub/configs/mongodb/variables/uri [none]
[debug] [2025-04-28T01:07:49.269Z] <<< [apiv2][status] GET https://runtimeconfig.googleapis.com/v1beta1/projects/aero-racehub/configs/mongodb/variables/uri 200
[debug] [2025-04-28T01:07:49.269Z] <<< [apiv2][body] GET https://runtimeconfig.googleapis.com/v1beta1/projects/aero-racehub/configs/mongodb/variables/uri {"name":"projects/aero-racehub/configs/mongodb/variables/uri","updateTime":"2025-04-23T13:58:58.352458690Z","text":"mongodb+srv://carlmarkcarambas:6V3TBg2g3jsQwzRt@aerocluster.xjv3p1p.mongodb.net/aero?retryWrites=true&w=majority&appName=AeroCluster"}
[debug] [2025-04-28T01:07:49.271Z] Validating nodejs source
[debug] [2025-04-28T01:07:49.945Z] > [functions] package.json contents: {
  "name": "api",
  "version": "0.0.1",
  "dependencies": {
    "@google-cloud/functions-framework": "3.5.1",
    "@nestjs/common": "10.4.17",
    "@nestjs/core": "10.4.17",
    "@nestjs/platform-express": "10.4.17",
    "@prisma/client": "6.6.0",
    "@ts-rest/core": "3.52.1",
    "@ts-rest/nest": "3.52.1",
    "cookie-parser": "1.4.7",
    "express": "5.1.0",
    "firebase-admin": "13.3.0",
    "firebase-functions": "6.3.2",
    "helmet": "8.1.0",
    "reflect-metadata": "0.1.14",
    "rxjs": "7.8.2",
    "zod": "3.24.3"
  },
  "main": "main.js"
}
[debug] [2025-04-28T01:07:49.945Z] Building nodejs source
[info] i  functions: Loading and analyzing source code for codebase default to determine what to deploy 
[debug] [2025-04-28T01:07:49.946Z] Could not find functions.yaml. Must use http discovery
[debug] [2025-04-28T01:07:49.955Z] Found firebase-functions binary at '/Users/carlcarambas/Development/Flexisource/apps/carl-onboarding/node_modules/.bin/firebase-functions'
[info] Serving at port 8920

[info] [Nest] 26169  - 04/28/2025, 9:07:51 AM     LOG 🚀 Starting firebase functions at api

[info] [Nest] 26169  - 04/28/2025, 9:07:51 AM     LOG [NestFactory] Starting Nest application... +1ms

[debug] [2025-04-28T01:07:51.573Z] Got response from /__/functions.yaml {"endpoints":{"api":{"availableMemoryMb":null,"timeoutSeconds":null,"minInstances":null,"maxInstances":null,"ingressSettings":null,"concurrency":null,"serviceAccountEmail":null,"vpc":null,"platform":"gcfv2","labels":{},"httpsTrigger":{},"entryPoint":"api"}},"specVersion":"v1alpha1","requiredAPIs":[],"extensions":{}}
[info] [Nest] 26169  - 04/28/2025, 9:07:51 AM     LOG [InstanceLoader] PrismaModule dependencies initialized +24ms

[info] [Nest] 26169  - 04/28/2025, 9:07:51 AM     LOG [InstanceLoader] AppModule dependencies initialized +68ms

[info] [Nest] 26169  - 04/28/2025, 9:07:51 AM     LOG [AuthController] AuthController constructor

[info] [Nest] 26169  - 04/28/2025, 9:07:51 AM     LOG [InstanceLoader] PigeonModule dependencies initialized +1ms
[Nest] 26169  - 04/28/2025, 9:07:51 AM     LOG [InstanceLoader] AuthModule dependencies initialized +0ms

[info] [Nest] 26169  - 04/28/2025, 9:07:51 AM     LOG [RoutesResolver] AppController {/}: +7ms

[info] [Nest] 26169  - 04/28/2025, 9:07:51 AM     LOG [RouterExplorer] Mapped {/, GET} route +4ms

[info] [Nest] 26169  - 04/28/2025, 9:07:51 AM     LOG [RoutesResolver] PigeonsController {/pigeons}: +1ms

[info] [Nest] 26169  - 04/28/2025, 9:07:51 AM     LOG [RouterExplorer] Mapped {/pigeons, POST} route +2ms

[info] [Nest] 26169  - 04/28/2025, 9:07:51 AM     LOG [RouterExplorer] Mapped {/pigeons, GET} route +6ms

[info] [Nest] 26169  - 04/28/2025, 9:07:51 AM     LOG [RouterExplorer] Mapped {/pigeons/:id, GET} route +3ms

[info] [Nest] 26169  - 04/28/2025, 9:07:51 AM     LOG [RouterExplorer] Mapped {/pigeons/:id, PATCH} route +2ms

[info] [Nest] 26169  - 04/28/2025, 9:07:51 AM     LOG [RouterExplorer] Mapped {/pigeons/:id, DELETE} route +3ms
[Nest] 26169  - 04/28/2025, 9:07:51 AM     LOG [RoutesResolver] AuthController {/auth}: +1ms

[info] [Nest] 26169  - 04/28/2025, 9:07:51 AM     LOG [RouterExplorer] Mapped {/auth/login, POST} route +2ms

[info] [Nest] 26169  - 04/28/2025, 9:07:54 AM     LOG [NestApplication] Nest application successfully started +2797ms

[info] [Nest] 26169  - 04/28/2025, 9:07:54 AM     LOG 🚀 Starting firebase functions

[info] i  extensions: ensuring required API firebaseextensions.googleapis.com is enabled... 
[debug] [2025-04-28T01:07:56.722Z] Checked if tokens are valid: true, expires at: 1745805681800
[debug] [2025-04-28T01:07:56.722Z] Checked if tokens are valid: true, expires at: 1745805681800
[debug] [2025-04-28T01:07:56.722Z] >>> [apiv2][query] GET https://serviceusage.googleapis.com/v1/projects/aero-racehub/services/firebaseextensions.googleapis.com [none]
[debug] [2025-04-28T01:07:56.722Z] >>> [apiv2][(partial)header] GET https://serviceusage.googleapis.com/v1/projects/aero-racehub/services/firebaseextensions.googleapis.com x-goog-quota-user=projects/aero-racehub
[debug] [2025-04-28T01:07:57.897Z] <<< [apiv2][status] GET https://serviceusage.googleapis.com/v1/projects/aero-racehub/services/firebaseextensions.googleapis.com 200
[debug] [2025-04-28T01:07:57.897Z] <<< [apiv2][body] GET https://serviceusage.googleapis.com/v1/projects/aero-racehub/services/firebaseextensions.googleapis.com [omitted]
[info] ✔  extensions: required API firebaseextensions.googleapis.com is enabled 
[debug] [2025-04-28T01:07:57.897Z] > command requires scopes: ["email","openid","https://www.googleapis.com/auth/cloudplatformprojects.readonly","https://www.googleapis.com/auth/firebase","https://www.googleapis.com/auth/cloud-platform"]
[debug] [2025-04-28T01:07:57.897Z] > authorizing via signed-in user (carlmark.carambas@gmail.com)
[debug] [2025-04-28T01:07:57.897Z] [iam] checking project aero-racehub for permissions ["firebase.projects.get","firebaseextensions.instances.list"]
[debug] [2025-04-28T01:07:57.897Z] Checked if tokens are valid: true, expires at: 1745805681800
[debug] [2025-04-28T01:07:57.897Z] Checked if tokens are valid: true, expires at: 1745805681800
[debug] [2025-04-28T01:07:57.897Z] >>> [apiv2][query] POST https://cloudresourcemanager.googleapis.com/v1/projects/aero-racehub:testIamPermissions [none]
[debug] [2025-04-28T01:07:57.897Z] >>> [apiv2][(partial)header] POST https://cloudresourcemanager.googleapis.com/v1/projects/aero-racehub:testIamPermissions x-goog-quota-user=projects/aero-racehub
[debug] [2025-04-28T01:07:57.897Z] >>> [apiv2][body] POST https://cloudresourcemanager.googleapis.com/v1/projects/aero-racehub:testIamPermissions {"permissions":["firebase.projects.get","firebaseextensions.instances.list"]}
[debug] [2025-04-28T01:07:58.778Z] <<< [apiv2][status] POST https://cloudresourcemanager.googleapis.com/v1/projects/aero-racehub:testIamPermissions 200
[debug] [2025-04-28T01:07:58.781Z] <<< [apiv2][body] POST https://cloudresourcemanager.googleapis.com/v1/projects/aero-racehub:testIamPermissions {"permissions":["firebase.projects.get","firebaseextensions.instances.list"]}
[debug] [2025-04-28T01:07:58.782Z] Checked if tokens are valid: true, expires at: 1745805681800
[debug] [2025-04-28T01:07:58.782Z] Checked if tokens are valid: true, expires at: 1745805681800
[debug] [2025-04-28T01:07:58.783Z] >>> [apiv2][query] GET https://firebaseextensions.googleapis.com/v1beta/projects/aero-racehub/instances pageSize=100&pageToken=
[debug] [2025-04-28T01:07:59.894Z] <<< [apiv2][status] GET https://firebaseextensions.googleapis.com/v1beta/projects/aero-racehub/instances 200
[debug] [2025-04-28T01:07:59.894Z] <<< [apiv2][body] GET https://firebaseextensions.googleapis.com/v1beta/projects/aero-racehub/instances {}
[info] i  functions: Loaded environment variables from .env. 
[info] i  functions: preparing dist/apps/api directory for uploading... 
[info] i  functions: packaged /Users/carlcarambas/Development/Flexisource/apps/carl-onboarding/dist/apps/api (66.77 KB) for uploading 
[debug] [2025-04-28T01:07:59.932Z] Checked if tokens are valid: true, expires at: 1745805681800
[debug] [2025-04-28T01:07:59.932Z] Checked if tokens are valid: true, expires at: 1745805681800
[debug] [2025-04-28T01:07:59.933Z] >>> [apiv2][query] GET https://cloudfunctions.googleapis.com/v1/projects/aero-racehub/locations/-/functions [none]
[debug] [2025-04-28T01:08:00.725Z] <<< [apiv2][status] GET https://cloudfunctions.googleapis.com/v1/projects/aero-racehub/locations/-/functions 200
[debug] [2025-04-28T01:08:00.725Z] <<< [apiv2][body] GET https://cloudfunctions.googleapis.com/v1/projects/aero-racehub/locations/-/functions {}
[debug] [2025-04-28T01:08:00.726Z] Checked if tokens are valid: true, expires at: 1745805681800
[debug] [2025-04-28T01:08:00.726Z] Checked if tokens are valid: true, expires at: 1745805681800
[debug] [2025-04-28T01:08:00.726Z] >>> [apiv2][query] GET https://cloudfunctions.googleapis.com/v2/projects/aero-racehub/locations/-/functions filter=environment%3D%22GEN_2%22
[debug] [2025-04-28T01:08:02.286Z] <<< [apiv2][status] GET https://cloudfunctions.googleapis.com/v2/projects/aero-racehub/locations/-/functions 200
[debug] [2025-04-28T01:08:02.286Z] <<< [apiv2][body] GET https://cloudfunctions.googleapis.com/v2/projects/aero-racehub/locations/-/functions {"functions":[{"name":"projects/aero-racehub/locations/us-central1/functions/api","buildConfig":{"build":"projects/559802171394/locations/us-central1/builds/8ca82835-fc9e-49c5-8e16-2354415f0fc2","runtime":"nodejs20","entryPoint":"api","source":{"storageSource":{"bucket":"gcf-v2-sources-559802171394-us-central1","object":"api/function-source.zip","generation":"1745800266772053"}},"environmentVariables":{"GOOGLE_NODE_RUN_SCRIPTS":""},"dockerRepository":"projects/aero-racehub/locations/us-central1/repositories/gcf-artifacts","sourceProvenance":{"resolvedStorageSource":{"bucket":"gcf-v2-sources-559802171394-us-central1","object":"api/function-source.zip","generation":"1745800266772053"}},"dockerRegistry":"ARTIFACT_REGISTRY","serviceAccount":"projects/aero-racehub/serviceAccounts/559802171394-compute@developer.gserviceaccount.com","automaticUpdatePolicy":{}},"state":"FAILED","updateTime":"2025-04-28T00:31:39.382441087Z","labels":{"deployment-tool":"cli-firebase","firebase-functions-hash":"84ed852f2823feaf5ca985ae4ec3b4c8a97cbf0b"},"stateMessages":[{"severity":"ERROR","type":"CloudRunServiceNotFound","message":"Cloud Run service projects/aero-racehub/locations/us-central1/services/api for the function was not found. The function will not work correctly. Please redeploy."}],"environment":"GEN_2","url":"https://us-central1-aero-racehub.cloudfunctions.net/api","createTime":"2025-04-28T00:31:07.023021332Z","satisfiesPzi":true}]}
[info] i  functions: ensuring required API run.googleapis.com is enabled... 
[debug] [2025-04-28T01:08:02.288Z] Checked if tokens are valid: true, expires at: 1745805681800
[debug] [2025-04-28T01:08:02.288Z] Checked if tokens are valid: true, expires at: 1745805681800
[info] i  functions: ensuring required API eventarc.googleapis.com is enabled... 
[debug] [2025-04-28T01:08:02.288Z] Checked if tokens are valid: true, expires at: 1745805681800
[debug] [2025-04-28T01:08:02.288Z] Checked if tokens are valid: true, expires at: 1745805681800
[info] i  functions: ensuring required API pubsub.googleapis.com is enabled... 
[debug] [2025-04-28T01:08:02.288Z] Checked if tokens are valid: true, expires at: 1745805681800
[debug] [2025-04-28T01:08:02.288Z] Checked if tokens are valid: true, expires at: 1745805681800
[info] i  functions: ensuring required API storage.googleapis.com is enabled... 
[debug] [2025-04-28T01:08:02.288Z] Checked if tokens are valid: true, expires at: 1745805681800
[debug] [2025-04-28T01:08:02.288Z] Checked if tokens are valid: true, expires at: 1745805681800
[debug] [2025-04-28T01:08:02.288Z] >>> [apiv2][query] GET https://serviceusage.googleapis.com/v1/projects/aero-racehub/services/run.googleapis.com [none]
[debug] [2025-04-28T01:08:02.289Z] >>> [apiv2][(partial)header] GET https://serviceusage.googleapis.com/v1/projects/aero-racehub/services/run.googleapis.com x-goog-quota-user=projects/aero-racehub
[debug] [2025-04-28T01:08:02.289Z] >>> [apiv2][query] GET https://serviceusage.googleapis.com/v1/projects/aero-racehub/services/eventarc.googleapis.com [none]
[debug] [2025-04-28T01:08:02.289Z] >>> [apiv2][(partial)header] GET https://serviceusage.googleapis.com/v1/projects/aero-racehub/services/eventarc.googleapis.com x-goog-quota-user=projects/aero-racehub
[debug] [2025-04-28T01:08:02.291Z] >>> [apiv2][query] GET https://serviceusage.googleapis.com/v1/projects/aero-racehub/services/pubsub.googleapis.com [none]
[debug] [2025-04-28T01:08:02.291Z] >>> [apiv2][(partial)header] GET https://serviceusage.googleapis.com/v1/projects/aero-racehub/services/pubsub.googleapis.com x-goog-quota-user=projects/aero-racehub
[debug] [2025-04-28T01:08:02.292Z] >>> [apiv2][query] GET https://serviceusage.googleapis.com/v1/projects/aero-racehub/services/storage.googleapis.com [none]
[debug] [2025-04-28T01:08:02.292Z] >>> [apiv2][(partial)header] GET https://serviceusage.googleapis.com/v1/projects/aero-racehub/services/storage.googleapis.com x-goog-quota-user=projects/aero-racehub
[debug] [2025-04-28T01:08:02.579Z] <<< [apiv2][status] GET https://serviceusage.googleapis.com/v1/projects/aero-racehub/services/run.googleapis.com 200
[debug] [2025-04-28T01:08:02.579Z] <<< [apiv2][body] GET https://serviceusage.googleapis.com/v1/projects/aero-racehub/services/run.googleapis.com [omitted]
[info] ✔  functions: required API run.googleapis.com is enabled 
[debug] [2025-04-28T01:08:03.491Z] <<< [apiv2][status] GET https://serviceusage.googleapis.com/v1/projects/aero-racehub/services/eventarc.googleapis.com 200
[debug] [2025-04-28T01:08:03.491Z] <<< [apiv2][body] GET https://serviceusage.googleapis.com/v1/projects/aero-racehub/services/eventarc.googleapis.com [omitted]
[info] ✔  functions: required API eventarc.googleapis.com is enabled 
[debug] [2025-04-28T01:08:03.497Z] <<< [apiv2][status] GET https://serviceusage.googleapis.com/v1/projects/aero-racehub/services/pubsub.googleapis.com 200
[debug] [2025-04-28T01:08:03.497Z] <<< [apiv2][body] GET https://serviceusage.googleapis.com/v1/projects/aero-racehub/services/pubsub.googleapis.com [omitted]
[info] ✔  functions: required API pubsub.googleapis.com is enabled 
[debug] [2025-04-28T01:08:03.509Z] <<< [apiv2][status] GET https://serviceusage.googleapis.com/v1/projects/aero-racehub/services/storage.googleapis.com 200
[debug] [2025-04-28T01:08:03.509Z] <<< [apiv2][body] GET https://serviceusage.googleapis.com/v1/projects/aero-racehub/services/storage.googleapis.com [omitted]
[info] ✔  functions: required API storage.googleapis.com is enabled 
[info] i  functions: generating the service identity for pubsub.googleapis.com... 
[debug] [2025-04-28T01:08:03.510Z] Checked if tokens are valid: true, expires at: 1745805681800
[debug] [2025-04-28T01:08:03.510Z] Checked if tokens are valid: true, expires at: 1745805681800
[info] i  functions: generating the service identity for eventarc.googleapis.com... 
[debug] [2025-04-28T01:08:03.510Z] Checked if tokens are valid: true, expires at: 1745805681800
[debug] [2025-04-28T01:08:03.510Z] Checked if tokens are valid: true, expires at: 1745805681800
[debug] [2025-04-28T01:08:03.510Z] >>> [apiv2][query] POST https://serviceusage.googleapis.com/v1beta1/projects/559802171394/services/pubsub.googleapis.com:generateServiceIdentity [none]
[debug] [2025-04-28T01:08:03.511Z] >>> [apiv2][query] POST https://serviceusage.googleapis.com/v1beta1/projects/559802171394/services/eventarc.googleapis.com:generateServiceIdentity [none]
[debug] [2025-04-28T01:08:03.839Z] <<< [apiv2][status] POST https://serviceusage.googleapis.com/v1beta1/projects/559802171394/services/pubsub.googleapis.com:generateServiceIdentity 200
[debug] [2025-04-28T01:08:03.839Z] <<< [apiv2][body] POST https://serviceusage.googleapis.com/v1beta1/projects/559802171394/services/pubsub.googleapis.com:generateServiceIdentity {"name":"operations/finished.DONE_OPERATION","done":true,"response":{"@type":"type.googleapis.com/google.api.serviceusage.v1beta1.ServiceIdentity","email":"service-559802171394@gcp-sa-pubsub.iam.gserviceaccount.com","uniqueId":"114752969523455057897"}}
[debug] [2025-04-28T01:08:03.859Z] <<< [apiv2][status] POST https://serviceusage.googleapis.com/v1beta1/projects/559802171394/services/eventarc.googleapis.com:generateServiceIdentity 200
[debug] [2025-04-28T01:08:03.859Z] <<< [apiv2][body] POST https://serviceusage.googleapis.com/v1beta1/projects/559802171394/services/eventarc.googleapis.com:generateServiceIdentity {"name":"operations/finished.DONE_OPERATION","done":true,"response":{"@type":"type.googleapis.com/google.api.serviceusage.v1beta1.ServiceIdentity","email":"service-559802171394@gcp-sa-eventarc.iam.gserviceaccount.com","uniqueId":"109961806650929785775"}}
[debug] [2025-04-28T01:08:03.860Z] Checked if tokens are valid: true, expires at: 1745805681800
[debug] [2025-04-28T01:08:03.860Z] Checked if tokens are valid: true, expires at: 1745805681800
[debug] [2025-04-28T01:08:03.860Z] >>> [apiv2][query] GET https://cloudresourcemanager.googleapis.com/v1/projects/aero-racehub [none]
[debug] [2025-04-28T01:08:04.793Z] <<< [apiv2][status] GET https://cloudresourcemanager.googleapis.com/v1/projects/aero-racehub 200
[debug] [2025-04-28T01:08:04.794Z] <<< [apiv2][body] GET https://cloudresourcemanager.googleapis.com/v1/projects/aero-racehub {"projectNumber":"559802171394","projectId":"aero-racehub","lifecycleState":"ACTIVE","name":"aero-racehub","labels":{"firebase":"enabled","firebase-core":"disabled"},"createTime":"2025-04-19T07:51:30.153482Z"}
[debug] [2025-04-28T01:08:04.795Z] Checked if tokens are valid: true, expires at: 1745805681800
[debug] [2025-04-28T01:08:04.795Z] Checked if tokens are valid: true, expires at: 1745805681800
[debug] [2025-04-28T01:08:04.795Z] >>> [apiv2][query] GET https://cloudbilling.googleapis.com/v1/projects/aero-racehub/billingInfo [none]
[debug] [2025-04-28T01:08:06.154Z] <<< [apiv2][status] GET https://cloudbilling.googleapis.com/v1/projects/aero-racehub/billingInfo 200
[debug] [2025-04-28T01:08:06.154Z] <<< [apiv2][body] GET https://cloudbilling.googleapis.com/v1/projects/aero-racehub/billingInfo {"name":"projects/aero-racehub/billingInfo","projectId":"aero-racehub","billingAccountName":"billingAccounts/01257B-FDAA06-C7788E","billingEnabled":true}
[info] i  functions: updating Node.js 20 (2nd Gen) function api(us-central1)... 
[debug] [2025-04-28T01:08:06.156Z] Precondition failed. Cannot update a GCFv2 function without storage
[debug] [2025-04-28T01:08:06.160Z] Total Function Deployment time: 0
[debug] [2025-04-28T01:08:06.160Z] 1 Functions Deployed
[debug] [2025-04-28T01:08:06.160Z] 1 Functions Errored
[debug] [2025-04-28T01:08:06.160Z] 0 Function Deployments Aborted
[debug] [2025-04-28T01:08:06.160Z] Average Function Deployment time: 0
[info] 
[info] Functions deploy had errors with the following functions:
	api(us-central1)
[debug] [2025-04-28T01:08:06.256Z] Not printing URL for HTTPS function. Typically this means it didn't match a filter or we failed deployment
[debug] [2025-04-28T01:08:06.257Z] Checked if tokens are valid: true, expires at: 1745805681800
[debug] [2025-04-28T01:08:06.257Z] Checked if tokens are valid: true, expires at: 1745805681800
[debug] [2025-04-28T01:08:06.257Z] >>> [apiv2][query] GET https://artifactregistry.googleapis.com/v1/projects/aero-racehub/locations/us-central1/repositories/gcf-artifacts [none]
[debug] [2025-04-28T01:08:07.615Z] <<< [apiv2][status] GET https://artifactregistry.googleapis.com/v1/projects/aero-racehub/locations/us-central1/repositories/gcf-artifacts 200
[debug] [2025-04-28T01:08:07.615Z] <<< [apiv2][body] GET https://artifactregistry.googleapis.com/v1/projects/aero-racehub/locations/us-central1/repositories/gcf-artifacts {"name":"projects/aero-racehub/locations/us-central1/repositories/gcf-artifacts","format":"DOCKER","description":"This repository is created and used by Cloud Functions for storing function docker images.","labels":{"goog-managed-by":"cloudfunctions"},"createTime":"2025-04-25T09:00:15.583185Z","updateTime":"2025-04-26T13:21:53.756990Z","mode":"STANDARD_REPOSITORY","cleanupPolicies":{"firebase-functions-cleanup":{"id":"firebase-functions-cleanup","action":"DELETE","condition":{"tagState":"ANY","olderThan":"86400s"}}},"vulnerabilityScanningConfig":{"lastEnableTime":"2025-04-25T09:00:07.174530258Z","enablementState":"SCANNING_DISABLED","enablementStateReason":"API containerscanning.googleapis.com is not enabled."},"satisfiesPzi":true,"registryUri":"us-central1-docker.pkg.dev/aero-racehub/gcf-artifacts"}
[debug] [2025-04-28T01:08:07.616Z] Functions deploy failed.
[debug] [2025-04-28T01:08:07.616Z] {}
[debug] [2025-04-28T01:08:07.653Z] Error: Precondition failed
    at Fabricator.updateV2Function (/Users/carlcarambas/.nvm/versions/node/v20.11.1/lib/node_modules/firebase-tools/lib/deploy/functions/release/fabricator.js:382:19)
    at Fabricator.updateEndpoint (/Users/carlcarambas/.nvm/versions/node/v20.11.1/lib/node_modules/firebase-tools/lib/deploy/functions/release/fabricator.js:155:24)
    at /Users/carlcarambas/.nvm/versions/node/v20.11.1/lib/node_modules/firebase-tools/lib/deploy/functions/release/fabricator.js:110:71
    at handle (/Users/carlcarambas/.nvm/versions/node/v20.11.1/lib/node_modules/firebase-tools/lib/deploy/functions/release/fabricator.js:89:23)
    at Fabricator.applyChangeset (/Users/carlcarambas/.nvm/versions/node/v20.11.1/lib/node_modules/firebase-tools/lib/deploy/functions/release/fabricator.js:110:26)
    at /Users/carlcarambas/.nvm/versions/node/v20.11.1/lib/node_modules/firebase-tools/lib/deploy/functions/release/fabricator.js:69:40
    at Array.map (<anonymous>)
    at Fabricator.applyPlan (/Users/carlcarambas/.nvm/versions/node/v20.11.1/lib/node_modules/firebase-tools/lib/deploy/functions/release/fabricator.js:68:54)
    at release (/Users/carlcarambas/.nvm/versions/node/v20.11.1/lib/node_modules/firebase-tools/lib/deploy/functions/release/index.js:76:31)
    at process.processTicksAndRejections (node:internal/process/task_queues:95:5)
[error] 
[error] Error: There was an error deploying functions
[debug] [2025-04-28T01:10:25.784Z] ----------------------------------------------------------------------
[debug] [2025-04-28T01:10:25.787Z] Command:       /Users/carlcarambas/.nvm/versions/node/v20.11.1/bin/node /Users/carlcarambas/.nvm/versions/node/v20.11.1/bin/firebase deploy --only functions --debug
[debug] [2025-04-28T01:10:25.787Z] CLI Version:   14.2.0
[debug] [2025-04-28T01:10:25.788Z] Platform:      darwin
[debug] [2025-04-28T01:10:25.788Z] Node Version:  v20.11.1
[debug] [2025-04-28T01:10:25.788Z] Time:          Mon Apr 28 2025 09:10:25 GMT+0800 (Philippine Standard Time)
[debug] [2025-04-28T01:10:25.788Z] ----------------------------------------------------------------------
[debug] 
[debug] [2025-04-28T01:10:25.935Z] > command requires scopes: ["email","openid","https://www.googleapis.com/auth/cloudplatformprojects.readonly","https://www.googleapis.com/auth/firebase","https://www.googleapis.com/auth/cloud-platform"]
[debug] [2025-04-28T01:10:25.936Z] > authorizing via signed-in user (carlmark.carambas@gmail.com)
[debug] [2025-04-28T01:10:25.936Z] [iam] checking project aero-racehub for permissions ["cloudfunctions.functions.create","cloudfunctions.functions.delete","cloudfunctions.functions.get","cloudfunctions.functions.list","cloudfunctions.functions.update","cloudfunctions.operations.get","firebase.projects.get"]
[debug] [2025-04-28T01:10:25.938Z] Checked if tokens are valid: true, expires at: 1745805681800
[debug] [2025-04-28T01:10:25.938Z] Checked if tokens are valid: true, expires at: 1745805681800
[debug] [2025-04-28T01:10:25.939Z] >>> [apiv2][query] POST https://cloudresourcemanager.googleapis.com/v1/projects/aero-racehub:testIamPermissions [none]
[debug] [2025-04-28T01:10:25.940Z] >>> [apiv2][(partial)header] POST https://cloudresourcemanager.googleapis.com/v1/projects/aero-racehub:testIamPermissions x-goog-quota-user=projects/aero-racehub
[debug] [2025-04-28T01:10:25.940Z] >>> [apiv2][body] POST https://cloudresourcemanager.googleapis.com/v1/projects/aero-racehub:testIamPermissions {"permissions":["cloudfunctions.functions.create","cloudfunctions.functions.delete","cloudfunctions.functions.get","cloudfunctions.functions.list","cloudfunctions.functions.update","cloudfunctions.operations.get","firebase.projects.get"]}
[debug] [2025-04-28T01:10:26.891Z] <<< [apiv2][status] POST https://cloudresourcemanager.googleapis.com/v1/projects/aero-racehub:testIamPermissions 200
[debug] [2025-04-28T01:10:26.892Z] <<< [apiv2][body] POST https://cloudresourcemanager.googleapis.com/v1/projects/aero-racehub:testIamPermissions {"permissions":["cloudfunctions.functions.create","cloudfunctions.functions.delete","cloudfunctions.functions.get","cloudfunctions.functions.list","cloudfunctions.functions.update","cloudfunctions.operations.get","firebase.projects.get"]}
[debug] [2025-04-28T01:10:26.892Z] Checked if tokens are valid: true, expires at: 1745805681800
[debug] [2025-04-28T01:10:26.892Z] Checked if tokens are valid: true, expires at: 1745805681800
[debug] [2025-04-28T01:10:26.893Z] >>> [apiv2][query] POST https://iam.googleapis.com/v1/projects/aero-racehub/serviceAccounts/aero-racehub@appspot.gserviceaccount.com:testIamPermissions [none]
[debug] [2025-04-28T01:10:26.893Z] >>> [apiv2][body] POST https://iam.googleapis.com/v1/projects/aero-racehub/serviceAccounts/aero-racehub@appspot.gserviceaccount.com:testIamPermissions {"permissions":["iam.serviceAccounts.actAs"]}
[debug] [2025-04-28T01:10:28.021Z] <<< [apiv2][status] POST https://iam.googleapis.com/v1/projects/aero-racehub/serviceAccounts/aero-racehub@appspot.gserviceaccount.com:testIamPermissions 200
[debug] [2025-04-28T01:10:28.022Z] <<< [apiv2][body] POST https://iam.googleapis.com/v1/projects/aero-racehub/serviceAccounts/aero-racehub@appspot.gserviceaccount.com:testIamPermissions {"permissions":["iam.serviceAccounts.actAs"]}
[info] 
[info] === Deploying to 'aero-racehub'...
[info] 
[info] i  deploying functions 
[debug] [2025-04-28T01:10:28.023Z] Checked if tokens are valid: true, expires at: 1745805681800
[debug] [2025-04-28T01:10:28.024Z] Checked if tokens are valid: true, expires at: 1745805681800
[debug] [2025-04-28T01:10:28.024Z] >>> [apiv2][query] GET https://cloudresourcemanager.googleapis.com/v1/projects/aero-racehub [none]
[debug] [2025-04-28T01:10:28.248Z] <<< [apiv2][status] GET https://cloudresourcemanager.googleapis.com/v1/projects/aero-racehub 200
[debug] [2025-04-28T01:10:28.248Z] <<< [apiv2][body] GET https://cloudresourcemanager.googleapis.com/v1/projects/aero-racehub {"projectNumber":"559802171394","projectId":"aero-racehub","lifecycleState":"ACTIVE","name":"aero-racehub","labels":{"firebase":"enabled","firebase-core":"disabled"},"createTime":"2025-04-19T07:51:30.153482Z"}
[info] i  functions: preparing codebase default for deployment 
[info] i  functions: ensuring required API cloudfunctions.googleapis.com is enabled... 
[debug] [2025-04-28T01:10:28.250Z] Checked if tokens are valid: true, expires at: 1745805681800
[debug] [2025-04-28T01:10:28.250Z] Checked if tokens are valid: true, expires at: 1745805681800
[debug] [2025-04-28T01:10:28.250Z] Checked if tokens are valid: true, expires at: 1745805681800
[debug] [2025-04-28T01:10:28.250Z] Checked if tokens are valid: true, expires at: 1745805681800
[info] i  functions: ensuring required API cloudbuild.googleapis.com is enabled... 
[debug] [2025-04-28T01:10:28.251Z] Checked if tokens are valid: true, expires at: 1745805681800
[debug] [2025-04-28T01:10:28.251Z] Checked if tokens are valid: true, expires at: 1745805681800
[info] i  artifactregistry: ensuring required API artifactregistry.googleapis.com is enabled... 
[debug] [2025-04-28T01:10:28.251Z] Checked if tokens are valid: true, expires at: 1745805681800
[debug] [2025-04-28T01:10:28.251Z] Checked if tokens are valid: true, expires at: 1745805681800
[debug] [2025-04-28T01:10:28.252Z] >>> [apiv2][query] GET https://serviceusage.googleapis.com/v1/projects/aero-racehub/services/cloudfunctions.googleapis.com [none]
[debug] [2025-04-28T01:10:28.252Z] >>> [apiv2][(partial)header] GET https://serviceusage.googleapis.com/v1/projects/aero-racehub/services/cloudfunctions.googleapis.com x-goog-quota-user=projects/aero-racehub
[debug] [2025-04-28T01:10:28.253Z] >>> [apiv2][query] GET https://serviceusage.googleapis.com/v1/projects/aero-racehub/services/runtimeconfig.googleapis.com [none]
[debug] [2025-04-28T01:10:28.253Z] >>> [apiv2][(partial)header] GET https://serviceusage.googleapis.com/v1/projects/aero-racehub/services/runtimeconfig.googleapis.com x-goog-quota-user=projects/aero-racehub
[debug] [2025-04-28T01:10:28.254Z] >>> [apiv2][query] GET https://serviceusage.googleapis.com/v1/projects/aero-racehub/services/cloudbuild.googleapis.com [none]
[debug] [2025-04-28T01:10:28.254Z] >>> [apiv2][(partial)header] GET https://serviceusage.googleapis.com/v1/projects/aero-racehub/services/cloudbuild.googleapis.com x-goog-quota-user=projects/aero-racehub
[debug] [2025-04-28T01:10:28.256Z] >>> [apiv2][query] GET https://serviceusage.googleapis.com/v1/projects/aero-racehub/services/artifactregistry.googleapis.com [none]
[debug] [2025-04-28T01:10:28.256Z] >>> [apiv2][(partial)header] GET https://serviceusage.googleapis.com/v1/projects/aero-racehub/services/artifactregistry.googleapis.com x-goog-quota-user=projects/aero-racehub
[debug] [2025-04-28T01:10:29.432Z] <<< [apiv2][status] GET https://serviceusage.googleapis.com/v1/projects/aero-racehub/services/runtimeconfig.googleapis.com 200
[debug] [2025-04-28T01:10:29.433Z] <<< [apiv2][body] GET https://serviceusage.googleapis.com/v1/projects/aero-racehub/services/runtimeconfig.googleapis.com [omitted]
[debug] [2025-04-28T01:10:29.435Z] <<< [apiv2][status] GET https://serviceusage.googleapis.com/v1/projects/aero-racehub/services/cloudfunctions.googleapis.com 200
[debug] [2025-04-28T01:10:29.435Z] <<< [apiv2][body] GET https://serviceusage.googleapis.com/v1/projects/aero-racehub/services/cloudfunctions.googleapis.com [omitted]
[info] ✔  functions: required API cloudfunctions.googleapis.com is enabled 
[debug] [2025-04-28T01:10:29.437Z] <<< [apiv2][status] GET https://serviceusage.googleapis.com/v1/projects/aero-racehub/services/cloudbuild.googleapis.com 200
[debug] [2025-04-28T01:10:29.437Z] <<< [apiv2][body] GET https://serviceusage.googleapis.com/v1/projects/aero-racehub/services/cloudbuild.googleapis.com [omitted]
[info] ✔  functions: required API cloudbuild.googleapis.com is enabled 
[debug] [2025-04-28T01:10:29.442Z] <<< [apiv2][status] GET https://serviceusage.googleapis.com/v1/projects/aero-racehub/services/artifactregistry.googleapis.com 200
[debug] [2025-04-28T01:10:29.442Z] <<< [apiv2][body] GET https://serviceusage.googleapis.com/v1/projects/aero-racehub/services/artifactregistry.googleapis.com [omitted]
[info] ✔  artifactregistry: required API artifactregistry.googleapis.com is enabled 
[debug] [2025-04-28T01:10:29.443Z] Checked if tokens are valid: true, expires at: 1745805681800
[debug] [2025-04-28T01:10:29.443Z] Checked if tokens are valid: true, expires at: 1745805681800
[debug] [2025-04-28T01:10:29.443Z] >>> [apiv2][query] GET https://firebase.googleapis.com/v1beta1/projects/aero-racehub/adminSdkConfig [none]
[debug] [2025-04-28T01:10:30.350Z] <<< [apiv2][status] GET https://firebase.googleapis.com/v1beta1/projects/aero-racehub/adminSdkConfig 200
[debug] [2025-04-28T01:10:30.350Z] <<< [apiv2][body] GET https://firebase.googleapis.com/v1beta1/projects/aero-racehub/adminSdkConfig {"projectId":"aero-racehub","storageBucket":"aero-racehub.firebasestorage.app"}
[debug] [2025-04-28T01:10:30.351Z] Checked if tokens are valid: true, expires at: 1745805681800
[debug] [2025-04-28T01:10:30.351Z] Checked if tokens are valid: true, expires at: 1745805681800
[debug] [2025-04-28T01:10:30.351Z] >>> [apiv2][query] GET https://runtimeconfig.googleapis.com/v1beta1/projects/aero-racehub/configs [none]
[debug] [2025-04-28T01:10:30.680Z] <<< [apiv2][status] GET https://runtimeconfig.googleapis.com/v1beta1/projects/aero-racehub/configs 200
[debug] [2025-04-28T01:10:30.680Z] <<< [apiv2][body] GET https://runtimeconfig.googleapis.com/v1beta1/projects/aero-racehub/configs {"configs":[{"name":"projects/aero-racehub/configs/mongodb"}]}
[debug] [2025-04-28T01:10:30.680Z] Checked if tokens are valid: true, expires at: 1745805681800
[debug] [2025-04-28T01:10:30.680Z] Checked if tokens are valid: true, expires at: 1745805681800
[debug] [2025-04-28T01:10:30.680Z] >>> [apiv2][query] GET https://runtimeconfig.googleapis.com/v1beta1/projects/aero-racehub/configs/mongodb/variables [none]
[debug] [2025-04-28T01:10:30.946Z] <<< [apiv2][status] GET https://runtimeconfig.googleapis.com/v1beta1/projects/aero-racehub/configs/mongodb/variables 200
[debug] [2025-04-28T01:10:30.946Z] <<< [apiv2][body] GET https://runtimeconfig.googleapis.com/v1beta1/projects/aero-racehub/configs/mongodb/variables {"variables":[{"name":"projects/aero-racehub/configs/mongodb/variables/uri","updateTime":"2025-04-23T13:58:58.352458690Z"}]}
[debug] [2025-04-28T01:10:30.947Z] Checked if tokens are valid: true, expires at: 1745805681800
[debug] [2025-04-28T01:10:30.947Z] Checked if tokens are valid: true, expires at: 1745805681800
[debug] [2025-04-28T01:10:30.947Z] >>> [apiv2][query] GET https://runtimeconfig.googleapis.com/v1beta1/projects/aero-racehub/configs/mongodb/variables/uri [none]
[debug] [2025-04-28T01:10:31.233Z] <<< [apiv2][status] GET https://runtimeconfig.googleapis.com/v1beta1/projects/aero-racehub/configs/mongodb/variables/uri 200
[debug] [2025-04-28T01:10:31.234Z] <<< [apiv2][body] GET https://runtimeconfig.googleapis.com/v1beta1/projects/aero-racehub/configs/mongodb/variables/uri {"name":"projects/aero-racehub/configs/mongodb/variables/uri","updateTime":"2025-04-23T13:58:58.352458690Z","text":"mongodb+srv://carlmarkcarambas:6V3TBg2g3jsQwzRt@aerocluster.xjv3p1p.mongodb.net/aero?retryWrites=true&w=majority&appName=AeroCluster"}
[debug] [2025-04-28T01:10:31.235Z] Validating nodejs source
[debug] [2025-04-28T01:10:31.900Z] > [functions] package.json contents: {
  "name": "api",
  "version": "0.0.1",
  "dependencies": {
    "@google-cloud/functions-framework": "3.5.1",
    "@nestjs/common": "10.4.17",
    "@nestjs/core": "10.4.17",
    "@nestjs/platform-express": "10.4.17",
    "@prisma/client": "6.6.0",
    "@ts-rest/core": "3.52.1",
    "@ts-rest/nest": "3.52.1",
    "cookie-parser": "1.4.7",
    "express": "5.1.0",
    "firebase-admin": "13.3.0",
    "firebase-functions": "6.3.2",
    "helmet": "8.1.0",
    "reflect-metadata": "0.1.14",
    "rxjs": "7.8.2",
    "zod": "3.24.3"
  },
  "main": "main.js"
}
[debug] [2025-04-28T01:10:31.900Z] Building nodejs source
[info] i  functions: Loading and analyzing source code for codebase default to determine what to deploy 
[debug] [2025-04-28T01:10:31.901Z] Could not find functions.yaml. Must use http discovery
[debug] [2025-04-28T01:10:31.910Z] Found firebase-functions binary at '/Users/carlcarambas/Development/Flexisource/apps/carl-onboarding/node_modules/.bin/firebase-functions'
[info] Serving at port 8060

[info] [Nest] 26281  - 04/28/2025, 9:10:32 AM     LOG 🚀 Starting firebase functions at api

[info] [Nest] 26281  - 04/28/2025, 9:10:32 AM     LOG [NestFactory] Starting Nest application... +1ms

[debug] [2025-04-28T01:10:32.540Z] Got response from /__/functions.yaml {"endpoints":{"api":{"availableMemoryMb":null,"timeoutSeconds":null,"minInstances":null,"maxInstances":null,"ingressSettings":null,"concurrency":null,"serviceAccountEmail":null,"vpc":null,"platform":"gcfv2","labels":{},"httpsTrigger":{},"entryPoint":"api"}},"specVersion":"v1alpha1","requiredAPIs":[],"extensions":{}}
[info] [Nest] 26281  - 04/28/2025, 9:10:32 AM     LOG [InstanceLoader] PrismaModule dependencies initialized +19ms

[info] [Nest] 26281  - 04/28/2025, 9:10:32 AM     LOG [InstanceLoader] AppModule dependencies initialized +13ms

[info] [Nest] 26281  - 04/28/2025, 9:10:32 AM     LOG [AuthController] AuthController constructor
[Nest] 26281  - 04/28/2025, 9:10:32 AM     LOG [InstanceLoader] PigeonModule dependencies initialized +0ms
[Nest] 26281  - 04/28/2025, 9:10:32 AM     LOG [InstanceLoader] AuthModule dependencies initialized +0ms

[info] [Nest] 26281  - 04/28/2025, 9:10:32 AM     LOG [RoutesResolver] AppController {/}: +5ms

[info] [Nest] 26281  - 04/28/2025, 9:10:32 AM     LOG [RouterExplorer] Mapped {/, GET} route +1ms

[info] [Nest] 26281  - 04/28/2025, 9:10:32 AM     LOG [RoutesResolver] PigeonsController {/pigeons}: +0ms

[info] [Nest] 26281  - 04/28/2025, 9:10:32 AM     LOG [RouterExplorer] Mapped {/pigeons, POST} route +1ms

[info] [Nest] 26281  - 04/28/2025, 9:10:32 AM     LOG [RouterExplorer] Mapped {/pigeons, GET} route +2ms

[info] [Nest] 26281  - 04/28/2025, 9:10:32 AM     LOG [RouterExplorer] Mapped {/pigeons/:id, GET} route +1ms

[info] [Nest] 26281  - 04/28/2025, 9:10:32 AM     LOG [RouterExplorer] Mapped {/pigeons/:id, PATCH} route +1ms

[info] [Nest] 26281  - 04/28/2025, 9:10:32 AM     LOG [RouterExplorer] Mapped {/pigeons/:id, DELETE} route +1ms

[info] [Nest] 26281  - 04/28/2025, 9:10:32 AM     LOG [RoutesResolver] AuthController {/auth}: +1ms

[info] [Nest] 26281  - 04/28/2025, 9:10:32 AM     LOG [RouterExplorer] Mapped {/auth/login, POST} route +1ms

[info] [Nest] 26281  - 04/28/2025, 9:10:33 AM     LOG [NestApplication] Nest application successfully started +1196ms

[info] [Nest] 26281  - 04/28/2025, 9:10:33 AM     LOG 🚀 Starting firebase functions

[info] i  extensions: ensuring required API firebaseextensions.googleapis.com is enabled... 
[debug] [2025-04-28T01:10:37.608Z] Checked if tokens are valid: true, expires at: 1745805681800
[debug] [2025-04-28T01:10:37.608Z] Checked if tokens are valid: true, expires at: 1745805681800
[debug] [2025-04-28T01:10:37.608Z] >>> [apiv2][query] GET https://serviceusage.googleapis.com/v1/projects/aero-racehub/services/firebaseextensions.googleapis.com [none]
[debug] [2025-04-28T01:10:37.608Z] >>> [apiv2][(partial)header] GET https://serviceusage.googleapis.com/v1/projects/aero-racehub/services/firebaseextensions.googleapis.com x-goog-quota-user=projects/aero-racehub
[debug] [2025-04-28T01:10:38.901Z] <<< [apiv2][status] GET https://serviceusage.googleapis.com/v1/projects/aero-racehub/services/firebaseextensions.googleapis.com 200
[debug] [2025-04-28T01:10:38.901Z] <<< [apiv2][body] GET https://serviceusage.googleapis.com/v1/projects/aero-racehub/services/firebaseextensions.googleapis.com [omitted]
[info] ✔  extensions: required API firebaseextensions.googleapis.com is enabled 
[debug] [2025-04-28T01:10:38.902Z] > command requires scopes: ["email","openid","https://www.googleapis.com/auth/cloudplatformprojects.readonly","https://www.googleapis.com/auth/firebase","https://www.googleapis.com/auth/cloud-platform"]
[debug] [2025-04-28T01:10:38.902Z] > authorizing via signed-in user (carlmark.carambas@gmail.com)
[debug] [2025-04-28T01:10:38.902Z] [iam] checking project aero-racehub for permissions ["firebase.projects.get","firebaseextensions.instances.list"]
[debug] [2025-04-28T01:10:38.902Z] Checked if tokens are valid: true, expires at: 1745805681800
[debug] [2025-04-28T01:10:38.902Z] Checked if tokens are valid: true, expires at: 1745805681800
[debug] [2025-04-28T01:10:38.902Z] >>> [apiv2][query] POST https://cloudresourcemanager.googleapis.com/v1/projects/aero-racehub:testIamPermissions [none]
[debug] [2025-04-28T01:10:38.902Z] >>> [apiv2][(partial)header] POST https://cloudresourcemanager.googleapis.com/v1/projects/aero-racehub:testIamPermissions x-goog-quota-user=projects/aero-racehub
[debug] [2025-04-28T01:10:38.902Z] >>> [apiv2][body] POST https://cloudresourcemanager.googleapis.com/v1/projects/aero-racehub:testIamPermissions {"permissions":["firebase.projects.get","firebaseextensions.instances.list"]}
[debug] [2025-04-28T01:10:39.765Z] <<< [apiv2][status] POST https://cloudresourcemanager.googleapis.com/v1/projects/aero-racehub:testIamPermissions 200
[debug] [2025-04-28T01:10:39.765Z] <<< [apiv2][body] POST https://cloudresourcemanager.googleapis.com/v1/projects/aero-racehub:testIamPermissions {"permissions":["firebase.projects.get","firebaseextensions.instances.list"]}
[debug] [2025-04-28T01:10:39.766Z] Checked if tokens are valid: true, expires at: 1745805681800
[debug] [2025-04-28T01:10:39.766Z] Checked if tokens are valid: true, expires at: 1745805681800
[debug] [2025-04-28T01:10:39.766Z] >>> [apiv2][query] GET https://firebaseextensions.googleapis.com/v1beta/projects/aero-racehub/instances pageSize=100&pageToken=
[debug] [2025-04-28T01:10:40.820Z] <<< [apiv2][status] GET https://firebaseextensions.googleapis.com/v1beta/projects/aero-racehub/instances 200
[debug] [2025-04-28T01:10:40.824Z] <<< [apiv2][body] GET https://firebaseextensions.googleapis.com/v1beta/projects/aero-racehub/instances {}
[info] i  functions: Loaded environment variables from .env. 
[info] i  functions: preparing dist/apps/api directory for uploading... 
[info] i  functions: packaged /Users/carlcarambas/Development/Flexisource/apps/carl-onboarding/dist/apps/api (66.77 KB) for uploading 
[debug] [2025-04-28T01:10:40.861Z] Checked if tokens are valid: true, expires at: 1745805681800
[debug] [2025-04-28T01:10:40.861Z] Checked if tokens are valid: true, expires at: 1745805681800
[debug] [2025-04-28T01:10:40.862Z] >>> [apiv2][query] GET https://cloudfunctions.googleapis.com/v1/projects/aero-racehub/locations/-/functions [none]
[debug] [2025-04-28T01:10:41.621Z] <<< [apiv2][status] GET https://cloudfunctions.googleapis.com/v1/projects/aero-racehub/locations/-/functions 200
[debug] [2025-04-28T01:10:41.621Z] <<< [apiv2][body] GET https://cloudfunctions.googleapis.com/v1/projects/aero-racehub/locations/-/functions {}
[debug] [2025-04-28T01:10:41.621Z] Checked if tokens are valid: true, expires at: 1745805681800
[debug] [2025-04-28T01:10:41.621Z] Checked if tokens are valid: true, expires at: 1745805681800
[debug] [2025-04-28T01:10:41.622Z] >>> [apiv2][query] GET https://cloudfunctions.googleapis.com/v2/projects/aero-racehub/locations/-/functions filter=environment%3D%22GEN_2%22
[debug] [2025-04-28T01:10:43.186Z] <<< [apiv2][status] GET https://cloudfunctions.googleapis.com/v2/projects/aero-racehub/locations/-/functions 200
[debug] [2025-04-28T01:10:43.186Z] <<< [apiv2][body] GET https://cloudfunctions.googleapis.com/v2/projects/aero-racehub/locations/-/functions {"functions":[{"name":"projects/aero-racehub/locations/us-central1/functions/api","buildConfig":{"build":"projects/559802171394/locations/us-central1/builds/8ca82835-fc9e-49c5-8e16-2354415f0fc2","runtime":"nodejs20","entryPoint":"api","source":{"storageSource":{"bucket":"gcf-v2-sources-559802171394-us-central1","object":"api/function-source.zip","generation":"1745800266772053"}},"environmentVariables":{"GOOGLE_NODE_RUN_SCRIPTS":""},"dockerRepository":"projects/aero-racehub/locations/us-central1/repositories/gcf-artifacts","sourceProvenance":{"resolvedStorageSource":{"bucket":"gcf-v2-sources-559802171394-us-central1","object":"api/function-source.zip","generation":"1745800266772053"}},"dockerRegistry":"ARTIFACT_REGISTRY","serviceAccount":"projects/aero-racehub/serviceAccounts/559802171394-compute@developer.gserviceaccount.com","automaticUpdatePolicy":{}},"state":"FAILED","updateTime":"2025-04-28T00:31:39.382441087Z","labels":{"firebase-functions-hash":"84ed852f2823feaf5ca985ae4ec3b4c8a97cbf0b","deployment-tool":"cli-firebase"},"stateMessages":[{"severity":"ERROR","type":"CloudRunServiceNotFound","message":"Cloud Run service projects/aero-racehub/locations/us-central1/services/api for the function was not found. The function will not work correctly. Please redeploy."}],"environment":"GEN_2","url":"https://us-central1-aero-racehub.cloudfunctions.net/api","createTime":"2025-04-28T00:31:07.023021332Z","satisfiesPzi":true}]}
[info] i  functions: ensuring required API run.googleapis.com is enabled... 
[debug] [2025-04-28T01:10:43.187Z] Checked if tokens are valid: true, expires at: 1745805681800
[debug] [2025-04-28T01:10:43.187Z] Checked if tokens are valid: true, expires at: 1745805681800
[info] i  functions: ensuring required API eventarc.googleapis.com is enabled... 
[debug] [2025-04-28T01:10:43.188Z] Checked if tokens are valid: true, expires at: 1745805681800
[debug] [2025-04-28T01:10:43.188Z] Checked if tokens are valid: true, expires at: 1745805681800
[info] i  functions: ensuring required API pubsub.googleapis.com is enabled... 
[debug] [2025-04-28T01:10:43.188Z] Checked if tokens are valid: true, expires at: 1745805681800
[debug] [2025-04-28T01:10:43.188Z] Checked if tokens are valid: true, expires at: 1745805681800
[info] i  functions: ensuring required API storage.googleapis.com is enabled... 
[debug] [2025-04-28T01:10:43.188Z] Checked if tokens are valid: true, expires at: 1745805681800
[debug] [2025-04-28T01:10:43.188Z] Checked if tokens are valid: true, expires at: 1745805681800
[debug] [2025-04-28T01:10:43.188Z] >>> [apiv2][query] GET https://serviceusage.googleapis.com/v1/projects/aero-racehub/services/run.googleapis.com [none]
[debug] [2025-04-28T01:10:43.188Z] >>> [apiv2][(partial)header] GET https://serviceusage.googleapis.com/v1/projects/aero-racehub/services/run.googleapis.com x-goog-quota-user=projects/aero-racehub
[debug] [2025-04-28T01:10:43.188Z] >>> [apiv2][query] GET https://serviceusage.googleapis.com/v1/projects/aero-racehub/services/eventarc.googleapis.com [none]
[debug] [2025-04-28T01:10:43.188Z] >>> [apiv2][(partial)header] GET https://serviceusage.googleapis.com/v1/projects/aero-racehub/services/eventarc.googleapis.com x-goog-quota-user=projects/aero-racehub
[debug] [2025-04-28T01:10:43.190Z] >>> [apiv2][query] GET https://serviceusage.googleapis.com/v1/projects/aero-racehub/services/pubsub.googleapis.com [none]
[debug] [2025-04-28T01:10:43.190Z] >>> [apiv2][(partial)header] GET https://serviceusage.googleapis.com/v1/projects/aero-racehub/services/pubsub.googleapis.com x-goog-quota-user=projects/aero-racehub
[debug] [2025-04-28T01:10:43.192Z] >>> [apiv2][query] GET https://serviceusage.googleapis.com/v1/projects/aero-racehub/services/storage.googleapis.com [none]
[debug] [2025-04-28T01:10:43.192Z] >>> [apiv2][(partial)header] GET https://serviceusage.googleapis.com/v1/projects/aero-racehub/services/storage.googleapis.com x-goog-quota-user=projects/aero-racehub
[debug] [2025-04-28T01:10:43.463Z] <<< [apiv2][status] GET https://serviceusage.googleapis.com/v1/projects/aero-racehub/services/run.googleapis.com 200
[debug] [2025-04-28T01:10:43.463Z] <<< [apiv2][body] GET https://serviceusage.googleapis.com/v1/projects/aero-racehub/services/run.googleapis.com [omitted]
[info] ✔  functions: required API run.googleapis.com is enabled 
[debug] [2025-04-28T01:10:44.350Z] <<< [apiv2][status] GET https://serviceusage.googleapis.com/v1/projects/aero-racehub/services/eventarc.googleapis.com 200
[debug] [2025-04-28T01:10:44.350Z] <<< [apiv2][body] GET https://serviceusage.googleapis.com/v1/projects/aero-racehub/services/eventarc.googleapis.com [omitted]
[info] ✔  functions: required API eventarc.googleapis.com is enabled 
[debug] [2025-04-28T01:10:44.354Z] <<< [apiv2][status] GET https://serviceusage.googleapis.com/v1/projects/aero-racehub/services/pubsub.googleapis.com 200
[debug] [2025-04-28T01:10:44.354Z] <<< [apiv2][body] GET https://serviceusage.googleapis.com/v1/projects/aero-racehub/services/pubsub.googleapis.com [omitted]
[info] ✔  functions: required API pubsub.googleapis.com is enabled 
[debug] [2025-04-28T01:10:44.368Z] <<< [apiv2][status] GET https://serviceusage.googleapis.com/v1/projects/aero-racehub/services/storage.googleapis.com 200
[debug] [2025-04-28T01:10:44.368Z] <<< [apiv2][body] GET https://serviceusage.googleapis.com/v1/projects/aero-racehub/services/storage.googleapis.com [omitted]
[info] ✔  functions: required API storage.googleapis.com is enabled 
[info] i  functions: generating the service identity for pubsub.googleapis.com... 
[debug] [2025-04-28T01:10:44.368Z] Checked if tokens are valid: true, expires at: 1745805681800
[debug] [2025-04-28T01:10:44.368Z] Checked if tokens are valid: true, expires at: 1745805681800
[info] i  functions: generating the service identity for eventarc.googleapis.com... 
[debug] [2025-04-28T01:10:44.368Z] Checked if tokens are valid: true, expires at: 1745805681800
[debug] [2025-04-28T01:10:44.368Z] Checked if tokens are valid: true, expires at: 1745805681800
[debug] [2025-04-28T01:10:44.368Z] >>> [apiv2][query] POST https://serviceusage.googleapis.com/v1beta1/projects/559802171394/services/pubsub.googleapis.com:generateServiceIdentity [none]
[debug] [2025-04-28T01:10:44.369Z] >>> [apiv2][query] POST https://serviceusage.googleapis.com/v1beta1/projects/559802171394/services/eventarc.googleapis.com:generateServiceIdentity [none]
[debug] [2025-04-28T01:10:44.718Z] <<< [apiv2][status] POST https://serviceusage.googleapis.com/v1beta1/projects/559802171394/services/pubsub.googleapis.com:generateServiceIdentity 200
[debug] [2025-04-28T01:10:44.718Z] <<< [apiv2][body] POST https://serviceusage.googleapis.com/v1beta1/projects/559802171394/services/pubsub.googleapis.com:generateServiceIdentity {"name":"operations/finished.DONE_OPERATION","done":true,"response":{"@type":"type.googleapis.com/google.api.serviceusage.v1beta1.ServiceIdentity","email":"service-559802171394@gcp-sa-pubsub.iam.gserviceaccount.com","uniqueId":"114752969523455057897"}}
[debug] [2025-04-28T01:10:44.730Z] <<< [apiv2][status] POST https://serviceusage.googleapis.com/v1beta1/projects/559802171394/services/eventarc.googleapis.com:generateServiceIdentity 200
[debug] [2025-04-28T01:10:44.731Z] <<< [apiv2][body] POST https://serviceusage.googleapis.com/v1beta1/projects/559802171394/services/eventarc.googleapis.com:generateServiceIdentity {"name":"operations/finished.DONE_OPERATION","done":true,"response":{"@type":"type.googleapis.com/google.api.serviceusage.v1beta1.ServiceIdentity","email":"service-559802171394@gcp-sa-eventarc.iam.gserviceaccount.com","uniqueId":"109961806650929785775"}}
[debug] [2025-04-28T01:10:44.732Z] Checked if tokens are valid: true, expires at: 1745805681800
[debug] [2025-04-28T01:10:44.732Z] Checked if tokens are valid: true, expires at: 1745805681800
[debug] [2025-04-28T01:10:44.732Z] >>> [apiv2][query] GET https://cloudresourcemanager.googleapis.com/v1/projects/aero-racehub [none]
[debug] [2025-04-28T01:10:44.928Z] <<< [apiv2][status] GET https://cloudresourcemanager.googleapis.com/v1/projects/aero-racehub 200
[debug] [2025-04-28T01:10:44.929Z] <<< [apiv2][body] GET https://cloudresourcemanager.googleapis.com/v1/projects/aero-racehub {"projectNumber":"559802171394","projectId":"aero-racehub","lifecycleState":"ACTIVE","name":"aero-racehub","labels":{"firebase":"enabled","firebase-core":"disabled"},"createTime":"2025-04-19T07:51:30.153482Z"}
[debug] [2025-04-28T01:10:44.929Z] Checked if tokens are valid: true, expires at: 1745805681800
[debug] [2025-04-28T01:10:44.929Z] Checked if tokens are valid: true, expires at: 1745805681800
[debug] [2025-04-28T01:10:44.930Z] >>> [apiv2][query] GET https://cloudbilling.googleapis.com/v1/projects/aero-racehub/billingInfo [none]
[debug] [2025-04-28T01:10:46.238Z] <<< [apiv2][status] GET https://cloudbilling.googleapis.com/v1/projects/aero-racehub/billingInfo 200
[debug] [2025-04-28T01:10:46.239Z] <<< [apiv2][body] GET https://cloudbilling.googleapis.com/v1/projects/aero-racehub/billingInfo {"name":"projects/aero-racehub/billingInfo","projectId":"aero-racehub","billingAccountName":"billingAccounts/01257B-FDAA06-C7788E","billingEnabled":true}
[info] i  functions: updating Node.js 20 (2nd Gen) function api(us-central1)... 
[debug] [2025-04-28T01:10:46.240Z] Precondition failed. Cannot update a GCFv2 function without storage
[debug] [2025-04-28T01:10:46.243Z] Total Function Deployment time: 0
[debug] [2025-04-28T01:10:46.243Z] 1 Functions Deployed
[debug] [2025-04-28T01:10:46.243Z] 1 Functions Errored
[debug] [2025-04-28T01:10:46.243Z] 0 Function Deployments Aborted
[debug] [2025-04-28T01:10:46.243Z] Average Function Deployment time: 0
[info] 
[info] Functions deploy had errors with the following functions:
	api(us-central1)
[debug] [2025-04-28T01:10:46.329Z] Not printing URL for HTTPS function. Typically this means it didn't match a filter or we failed deployment
[debug] [2025-04-28T01:10:46.330Z] Checked if tokens are valid: true, expires at: 1745805681800
[debug] [2025-04-28T01:10:46.330Z] Checked if tokens are valid: true, expires at: 1745805681800
[debug] [2025-04-28T01:10:46.330Z] >>> [apiv2][query] GET https://artifactregistry.googleapis.com/v1/projects/aero-racehub/locations/us-central1/repositories/gcf-artifacts [none]
[debug] [2025-04-28T01:10:47.653Z] <<< [apiv2][status] GET https://artifactregistry.googleapis.com/v1/projects/aero-racehub/locations/us-central1/repositories/gcf-artifacts 200
[debug] [2025-04-28T01:10:47.653Z] <<< [apiv2][body] GET https://artifactregistry.googleapis.com/v1/projects/aero-racehub/locations/us-central1/repositories/gcf-artifacts {"name":"projects/aero-racehub/locations/us-central1/repositories/gcf-artifacts","format":"DOCKER","description":"This repository is created and used by Cloud Functions for storing function docker images.","labels":{"goog-managed-by":"cloudfunctions"},"createTime":"2025-04-25T09:00:15.583185Z","updateTime":"2025-04-26T13:21:53.756990Z","mode":"STANDARD_REPOSITORY","cleanupPolicies":{"firebase-functions-cleanup":{"id":"firebase-functions-cleanup","action":"DELETE","condition":{"tagState":"ANY","olderThan":"86400s"}}},"vulnerabilityScanningConfig":{"lastEnableTime":"2025-04-25T09:00:07.174530258Z","enablementState":"SCANNING_DISABLED","enablementStateReason":"API containerscanning.googleapis.com is not enabled."},"satisfiesPzi":true,"registryUri":"us-central1-docker.pkg.dev/aero-racehub/gcf-artifacts"}
[debug] [2025-04-28T01:10:47.653Z] Functions deploy failed.
[debug] [2025-04-28T01:10:47.653Z] {}
[debug] [2025-04-28T01:10:47.692Z] Error: Precondition failed
    at Fabricator.updateV2Function (/Users/carlcarambas/.nvm/versions/node/v20.11.1/lib/node_modules/firebase-tools/lib/deploy/functions/release/fabricator.js:382:19)
    at Fabricator.updateEndpoint (/Users/carlcarambas/.nvm/versions/node/v20.11.1/lib/node_modules/firebase-tools/lib/deploy/functions/release/fabricator.js:155:24)
    at /Users/carlcarambas/.nvm/versions/node/v20.11.1/lib/node_modules/firebase-tools/lib/deploy/functions/release/fabricator.js:110:71
    at handle (/Users/carlcarambas/.nvm/versions/node/v20.11.1/lib/node_modules/firebase-tools/lib/deploy/functions/release/fabricator.js:89:23)
    at Fabricator.applyChangeset (/Users/carlcarambas/.nvm/versions/node/v20.11.1/lib/node_modules/firebase-tools/lib/deploy/functions/release/fabricator.js:110:26)
    at /Users/carlcarambas/.nvm/versions/node/v20.11.1/lib/node_modules/firebase-tools/lib/deploy/functions/release/fabricator.js:69:40
    at Array.map (<anonymous>)
    at Fabricator.applyPlan (/Users/carlcarambas/.nvm/versions/node/v20.11.1/lib/node_modules/firebase-tools/lib/deploy/functions/release/fabricator.js:68:54)
    at release (/Users/carlcarambas/.nvm/versions/node/v20.11.1/lib/node_modules/firebase-tools/lib/deploy/functions/release/index.js:76:31)
    at process.processTicksAndRejections (node:internal/process/task_queues:95:5)
[error] 
[error] Error: There was an error deploying functions
